tribunal,subsecao_nome,subsecao_sede_nome,subsecao_ibge,varas,municipio_nome,municipio_ibge,eh_sede,total_municipios_subsecao,municipios_abrangidos,lon,lat
TRF5/JFPE,Recife (Sede),Recife,2611606,"1ª, 2ª, 3.ª, 4.ª, 5ª, 6.ª, 7ª, 9ª, 10ª, 11ª, 12ª, 13ª, 14ª, 15ª, 19ª, 21ª, 22ª, 33ª e 36ª.",Abreu e Lima,2600054,False,29,Abreu e Lima; Araçoiaba; Bom Jardim; Buenos Aires; Camaragibe; Carpina; Chã de Alegria; Feira Nova; Fernando de Noronha; Glória do Goitá; Igarassu; Ilha de Itamaracá; Itapissuma; Jaboatão dos Guararapes; João Alfredo; Lagoa do Carro; Lagoa de Itaenga; Limoeiro; Machados; Moreno; Nazaré da Mata; Olinda; Paudalho; Paulista; Pombos; Recife; São Lourenço da Mata; Tracunhaém; Vitória de Santo Antão,-34.8984,-7.90072
TRF5/JFPE,Recife (Sede),Recife,2611606,"1ª, 2ª, 3.ª, 4.ª, 5ª, 6.ª, 7ª, 9ª, 10ª, 11ª, 12ª, 13ª, 14ª, 15ª, 19ª, 21ª, 22ª, 33ª e 36ª.",Araçoiaba,2601052,False,29,Abreu e Lima; Araçoiaba; Bom Jardim; Buenos Aires; Camaragibe; Carpina; Chã de Alegria; Feira Nova; Fernando de Noronha; Glória do Goitá; Igarassu; Ilha de Itamaracá; Itapissuma; Jaboatão dos Guararapes; João Alfredo; Lagoa do Carro; Lagoa de Itaenga; Limoeiro; Machados; Moreno; Nazaré da Mata; Olinda; Paudalho; Paulista; Pombos; Recife; São Lourenço da Mata; Tracunhaém; Vitória de Santo Antão,-35.0809,-7.78391
TRF5/JFPE,Recife (Sede),Recife,2611606,"1ª, 2ª, 3.ª, 4.ª, 5ª, 6.ª, 7ª, 9ª, 10ª, 11ª, 12ª, 13ª, 14ª, 15ª, 19ª, 21ª, 22ª, 33ª e 36ª.",Bom Jardim,2602209,False,29,Abreu e Lima; Araçoiaba; Bom Jardim; Buenos Aires; Camaragibe; Carpina; Chã de Alegria; Feira Nova; Fernando de Noronha; Glória do Goitá; Igarassu; Ilha de Itamaracá; Itapissuma; Jaboatão dos Guararapes; João Alfredo; Lagoa do Carro; Lagoa de Itaenga; Limoeiro; Machados; Moreno; Nazaré da Mata; Olinda; Paudalho; Paulista; Pombos; Recife; São Lourenço da Mata; Tracunhaém; Vitória de Santo Antão,-35.5784,-7.79695
TRF5/JFPE,Recife (Sede),Recife,2611606,"1ª, 2ª, 3.ª, 4.ª, 5ª, 6.ª, 7ª, 9ª, 10ª, 11ª, 12ª, 13ª, 14ª, 15ª, 19ª, 21ª, 22ª, 33ª e 36ª.",Buenos Aires,2602704,False,29,Abreu e Lima; Araçoiaba; Bom Jardim; Buenos Aires; Camaragibe; Carpina; Chã de Alegria; Feira Nova; Fernando de Noronha; Glória do Goitá; Igarassu; Ilha de Itamaracá; Itapissuma; Jaboatão dos Guararapes; João Alfredo; Lagoa do Carro; Lagoa de Itaenga; Limoeiro; Machados; Moreno; Nazaré da Mata; Olinda; Paudalho; Paulista; Pombos; Recife; São Lourenço da Mata; Tracunhaém; Vitória de Santo Antão,-35.3182,-7.72449
TRF5/JFPE,Recife (Sede),Recife,2611606,"1ª, 2ª, 3.ª, 4.ª, 5ª, 6.ª, 7ª, 9ª, 10ª, 11ª, 12ª, 13ª, 14ª, 15ª, 19ª, 21ª, 22ª, 33ª e 36ª.",Camaragibe,2603454,False,29,Abreu e Lima; Araçoiaba; Bom Jardim; Buenos Aires; Camaragibe; Carpina; Chã de Alegria; Feira Nova; Fernando de Noronha; Glória do Goitá; Igarassu; Ilha de Itamaracá; Itapissuma; Jaboatão dos Guararapes; João Alfredo; Lagoa do Carro; Lagoa de Itaenga; Limoeiro; Machados; Moreno; Nazaré da Mata; Olinda; Paudalho; Paulista; Pombos; Recife; São Lourenço da Mata; Tracunhaém; Vitória de Santo Antão,-34.9782,-8.02351
TRF5/JFPE,Recife (Sede),Recife,2611606,"1ª, 2ª, 3.ª, 4.ª, 5ª, 6.ª, 7ª, 9ª, 10ª, 11ª, 12ª, 13ª, 14ª, 15ª, 19ª, 21ª, 22ª, 33ª e 36ª.",Carpina,2604007,False,29,Abreu e Lima; Araçoiaba; Bom Jardim; Buenos Aires; Camaragibe; Carpina; Chã de Alegria; Feira Nova; Fernando de Noronha; Glória do Goitá; Igarassu; Ilha de Itamaracá; Itapissuma; Jaboatão dos Guararapes; João Alfredo; Lagoa do Carro; Lagoa de Itaenga; Limoeiro; Machados; Moreno; Nazaré da Mata; Olinda; Paudalho; Paulista; Pombos; Recife; São Lourenço da Mata; Tracunhaém; Vitória de Santo Antão,-35.2514,-7.84566
TRF5/JFPE,Recife (Sede),Recife,2611606,"1ª, 2ª, 3.ª, 4.ª, 5ª, 6.ª, 7ª, 9ª, 10ª, 11ª, 12ª, 13ª, 14ª, 15ª, 19ª, 21ª, 22ª, 33ª e 36ª.",Chã de Alegria,2604403,False,29,Abreu e Lima; Araçoiaba; Bom Jardim; Buenos Aires; Camaragibe; Carpina; Chã de Alegria; Feira Nova; Fernando de Noronha; Glória do Goitá; Igarassu; Ilha de Itamaracá; Itapissuma; Jaboatão dos Guararapes; João Alfredo; Lagoa do Carro; Lagoa de Itaenga; Limoeiro; Machados; Moreno; Nazaré da Mata; Olinda; Paudalho; Paulista; Pombos; Recife; São Lourenço da Mata; Tracunhaém; Vitória de Santo Antão,-35.204,-8.00679
TRF5/JFPE,Recife (Sede),Recife,2611606,"1ª, 2ª, 3.ª, 4.ª, 5ª, 6.ª, 7ª, 9ª, 10ª, 11ª, 12ª, 13ª, 14ª, 15ª, 19ª, 21ª, 22ª, 33ª e 36ª.",Feira Nova,2605400,False,29,Abreu e Lima; Araçoiaba; Bom Jardim; Buenos Aires; Camaragibe; Carpina; Chã de Alegria; Feira Nova; Fernando de Noronha; Glória do Goitá; Igarassu; Ilha de Itamaracá; Itapissuma; Jaboatão dos Guararapes; João Alfredo; Lagoa do Carro; Lagoa de Itaenga; Limoeiro; Machados; Moreno; Nazaré da Mata; Olinda; Paudalho; Paulista; Pombos; Recife; São Lourenço da Mata; Tracunhaém; Vitória de Santo Antão,-35.3801,-7.94704
TRF5/JFPE,Recife (Sede),Recife,2611606,"1ª, 2ª, 3.ª, 4.ª, 5ª, 6.ª, 7ª, 9ª, 10ª, 11ª, 12ª, 13ª, 14ª, 15ª, 19ª, 21ª, 22ª, 33ª e 36ª.",Fernando de Noronha,2605459,False,29,Abreu e Lima; Araçoiaba; Bom Jardim; Buenos Aires; Camaragibe; Carpina; Chã de Alegria; Feira Nova; Fernando de Noronha; Glória do Goitá; Igarassu; Ilha de Itamaracá; Itapissuma; Jaboatão dos Guararapes; João Alfredo; Lagoa do Carro; Lagoa de Itaenga; Limoeiro; Machados; Moreno; Nazaré da Mata; Olinda; Paudalho; Paulista; Pombos; Recife; São Lourenço da Mata; Tracunhaém; Vitória de Santo Antão,-32.4107,-3.8396
TRF5/JFPE,Recife (Sede),Recife,2611606,"1ª, 2ª, 3.ª, 4.ª, 5ª, 6.ª, 7ª, 9ª, 10ª, 11ª, 12ª, 13ª, 14ª, 15ª, 19ª, 21ª, 22ª, 33ª e 36ª.",Glória do Goitá,2606101,False,29,Abreu e Lima; Araçoiaba; Bom Jardim; Buenos Aires; Camaragibe; Carpina; Chã de Alegria; Feira Nova; Fernando de Noronha; Glória do Goitá; Igarassu; Ilha de Itamaracá; Itapissuma; Jaboatão dos Guararapes; João Alfredo; Lagoa do Carro; Lagoa de Itaenga; Limoeiro; Machados; Moreno; Nazaré da Mata; Olinda; Paudalho; Paulista; Pombos; Recife; São Lourenço da Mata; Tracunhaém; Vitória de Santo Antão,-35.2904,-8.00568
TRF5/JFPE,Recife (Sede),Recife,2611606,"1ª, 2ª, 3.ª, 4.ª, 5ª, 6.ª, 7ª, 9ª, 10ª, 11ª, 12ª, 13ª, 14ª, 15ª, 19ª, 21ª, 22ª, 33ª e 36ª.",Igarassu,2606804,False,29,Abreu e Lima; Araçoiaba; Bom Jardim; Buenos Aires; Camaragibe; Carpina; Chã de Alegria; Feira Nova; Fernando de Noronha; Glória do Goitá; Igarassu; Ilha de Itamaracá; Itapissuma; Jaboatão dos Guararapes; João Alfredo; Lagoa do Carro; Lagoa de Itaenga; Limoeiro; Machados; Moreno; Nazaré da Mata; Olinda; Paudalho; Paulista; Pombos; Recife; São Lourenço da Mata; Tracunhaém; Vitória de Santo Antão,-34.9013,-7.82881
TRF5/JFPE,Recife (Sede),Recife,2611606,"1ª, 2ª, 3.ª, 4.ª, 5ª, 6.ª, 7ª, 9ª, 10ª, 11ª, 12ª, 13ª, 14ª, 15ª, 19ª, 21ª, 22ª, 33ª e 36ª.",Ilha de Itamaracá,2607604,False,29,Abreu e Lima; Araçoiaba; Bom Jardim; Buenos Aires; Camaragibe; Carpina; Chã de Alegria; Feira Nova; Fernando de Noronha; Glória do Goitá; Igarassu; Ilha de Itamaracá; Itapissuma; Jaboatão dos Guararapes; João Alfredo; Lagoa do Carro; Lagoa de Itaenga; Limoeiro; Machados; Moreno; Nazaré da Mata; Olinda; Paudalho; Paulista; Pombos; Recife; São Lourenço da Mata; Tracunhaém; Vitória de Santo Antão,-34.8303,-7.74766
TRF5/JFPE,Recife (Sede),Recife,2611606,"1ª, 2ª, 3.ª, 4.ª, 5ª, 6.ª, 7ª, 9ª, 10ª, 11ª, 12ª, 13ª, 14ª, 15ª, 19ª, 21ª, 22ª, 33ª e 36ª.",Itapissuma,2607752,False,29,Abreu e Lima; Araçoiaba; Bom Jardim; Buenos Aires; Camaragibe; Carpina; Chã de Alegria; Feira Nova; Fernando de Noronha; Glória do Goitá; Igarassu; Ilha de Itamaracá; Itapissuma; Jaboatão dos Guararapes; João Alfredo; Lagoa do Carro; Lagoa de Itaenga; Limoeiro; Machados; Moreno; Nazaré da Mata; Olinda; Paudalho; Paulista; Pombos; Recife; São Lourenço da Mata; Tracunhaém; Vitória de Santo Antão,-34.8971,-7.76798
TRF5/JFPE,Recife (Sede),Recife,2611606,"1ª, 2ª, 3.ª, 4.ª, 5ª, 6.ª, 7ª, 9ª, 10ª, 11ª, 12ª, 13ª, 14ª, 15ª, 19ª, 21ª, 22ª, 33ª e 36ª.",Jaboatão dos Guararapes,2607901,False,29,Abreu e Lima; Araçoiaba; Bom Jardim; Buenos Aires; Camaragibe; Carpina; Chã de Alegria; Feira Nova; Fernando de Noronha; Glória do Goitá; Igarassu; Ilha de Itamaracá; Itapissuma; Jaboatão dos Guararapes; João Alfredo; Lagoa do Carro; Lagoa de Itaenga; Limoeiro; Machados; Moreno; Nazaré da Mata; Olinda; Paudalho; Paulista; Pombos; Recife; São Lourenço da Mata; Tracunhaém; Vitória de Santo Antão,-35.015,-8.11298
TRF5/JFPE,Recife (Sede),Recife,2611606,"1ª, 2ª, 3.ª, 4.ª, 5ª, 6.ª, 7ª, 9ª, 10ª, 11ª, 12ª, 13ª, 14ª, 15ª, 19ª, 21ª, 22ª, 33ª e 36ª.",João Alfredo,2608107,False,29,Abreu e Lima; Araçoiaba; Bom Jardim; Buenos Aires; Camaragibe; Carpina; Chã de Alegria; Feira Nova; Fernando de Noronha; Glória do Goitá; Igarassu; Ilha de Itamaracá; Itapissuma; Jaboatão dos Guararapes; João Alfredo; Lagoa do Carro; Lagoa de Itaenga; Limoeiro; Machados; Moreno; Nazaré da Mata; Olinda; Paudalho; Paulista; Pombos; Recife; São Lourenço da Mata; Tracunhaém; Vitória de Santo Antão,-35.5787,-7.86565
TRF5/JFPE,Recife (Sede),Recife,2611606,"1ª, 2ª, 3.ª, 4.ª, 5ª, 6.ª, 7ª, 9ª, 10ª, 11ª, 12ª, 13ª, 14ª, 15ª, 19ª, 21ª, 22ª, 33ª e 36ª.",Lagoa do Carro,2608453,False,29,Abreu e Lima; Araçoiaba; Bom Jardim; Buenos Aires; Camaragibe; Carpina; Chã de Alegria; Feira Nova; Fernando de Noronha; Glória do Goitá; Igarassu; Ilha de Itamaracá; Itapissuma; Jaboatão dos Guararapes; João Alfredo; Lagoa do Carro; Lagoa de Itaenga; Limoeiro; Machados; Moreno; Nazaré da Mata; Olinda; Paudalho; Paulista; Pombos; Recife; São Lourenço da Mata; Tracunhaém; Vitória de Santo Antão,-35.3108,-7.84383
TRF5/JFPE,Recife (Sede),Recife,2611606,"1ª, 2ª, 3.ª, 4.ª, 5ª, 6.ª, 7ª, 9ª, 10ª, 11ª, 12ª, 13ª, 14ª, 15ª, 19ª, 21ª, 22ª, 33ª e 36ª.",Lagoa de Itaenga,2608503,False,29,Abreu e Lima; Araçoiaba; Bom Jardim; Buenos Aires; Camaragibe; Carpina; Chã de Alegria; Feira Nova; Fernando de Noronha; Glória do Goitá; Igarassu; Ilha de Itamaracá; Itapissuma; Jaboatão dos Guararapes; João Alfredo; Lagoa do Carro; Lagoa de Itaenga; Limoeiro; Machados; Moreno; Nazaré da Mata; Olinda; Paudalho; Paulista; Pombos; Recife; São Lourenço da Mata; Tracunhaém; Vitória de Santo Antão,-35.2874,-7.93005
TRF5/JFPE,Recife (Sede),Recife,2611606,"1ª, 2ª, 3.ª, 4.ª, 5ª, 6.ª, 7ª, 9ª, 10ª, 11ª, 12ª, 13ª, 14ª, 15ª, 19ª, 21ª, 22ª, 33ª e 36ª.",Limoeiro,2608909,False,29,Abreu e Lima; Araçoiaba; Bom Jardim; Buenos Aires; Camaragibe; Carpina; Chã de Alegria; Feira Nova; Fernando de Noronha; Glória do Goitá; Igarassu; Ilha de Itamaracá; Itapissuma; Jaboatão dos Guararapes; João Alfredo; Lagoa do Carro; Lagoa de Itaenga; Limoeiro; Machados; Moreno; Nazaré da Mata; Olinda; Paudalho; Paulista; Pombos; Recife; São Lourenço da Mata; Tracunhaém; Vitória de Santo Antão,-35.4402,-7.8726
TRF5/JFPE,Recife (Sede),Recife,2611606,"1ª, 2ª, 3.ª, 4.ª, 5ª, 6.ª, 7ª, 9ª, 10ª, 11ª, 12ª, 13ª, 14ª, 15ª, 19ª, 21ª, 22ª, 33ª e 36ª.",Machados,2609105,False,29,Abreu e Lima; Araçoiaba; Bom Jardim; Buenos Aires; Camaragibe; Carpina; Chã de Alegria; Feira Nova; Fernando de Noronha; Glória do Goitá; Igarassu; Ilha de Itamaracá; Itapissuma; Jaboatão dos Guararapes; João Alfredo; Lagoa do Carro; Lagoa de Itaenga; Limoeiro; Machados; Moreno; Nazaré da Mata; Olinda; Paudalho; Paulista; Pombos; Recife; São Lourenço da Mata; Tracunhaém; Vitória de Santo Antão,-35.5114,-7.68827
TRF5/JFPE,Recife (Sede),Recife,2611606,"1ª, 2ª, 3.ª, 4.ª, 5ª, 6.ª, 7ª, 9ª, 10ª, 11ª, 12ª, 13ª, 14ª, 15ª, 19ª, 21ª, 22ª, 33ª e 36ª.",Moreno,2609402,False,29,Abreu e Lima; Araçoiaba; Bom Jardim; Buenos Aires; Camaragibe; Carpina; Chã de Alegria; Feira Nova; Fernando de Noronha; Glória do Goitá; Igarassu; Ilha de Itamaracá; Itapissuma; Jaboatão dos Guararapes; João Alfredo; Lagoa do Carro; Lagoa de Itaenga; Limoeiro; Machados; Moreno; Nazaré da Mata; Olinda; Paudalho; Paulista; Pombos; Recife; São Lourenço da Mata; Tracunhaém; Vitória de Santo Antão,-35.0835,-8.10871
TRF5/JFPE,Recife (Sede),Recife,2611606,"1ª, 2ª, 3.ª, 4.ª, 5ª, 6.ª, 7ª, 9ª, 10ª, 11ª, 12ª, 13ª, 14ª, 15ª, 19ª, 21ª, 22ª, 33ª e 36ª.",Nazaré da Mata,2609501,False,29,Abreu e Lima; Araçoiaba; Bom Jardim; Buenos Aires; Camaragibe; Carpina; Chã de Alegria; Feira Nova; Fernando de Noronha; Glória do Goitá; Igarassu; Ilha de Itamaracá; Itapissuma; Jaboatão dos Guararapes; João Alfredo; Lagoa do Carro; Lagoa de Itaenga; Limoeiro; Machados; Moreno; Nazaré da Mata; Olinda; Paudalho; Paulista; Pombos; Recife; São Lourenço da Mata; Tracunhaém; Vitória de Santo Antão,-35.2193,-7.74149
TRF5/JFPE,Recife (Sede),Recife,2611606,"1ª, 2ª, 3.ª, 4.ª, 5ª, 6.ª, 7ª, 9ª, 10ª, 11ª, 12ª, 13ª, 14ª, 15ª, 19ª, 21ª, 22ª, 33ª e 36ª.",Olinda,2609600,False,29,Abreu e Lima; Araçoiaba; Bom Jardim; Buenos Aires; Camaragibe; Carpina; Chã de Alegria; Feira Nova; Fernando de Noronha; Glória do Goitá; Igarassu; Ilha de Itamaracá; Itapissuma; Jaboatão dos Guararapes; João Alfredo; Lagoa do Carro; Lagoa de Itaenga; Limoeiro; Machados; Moreno; Nazaré da Mata; Olinda; Paudalho; Paulista; Pombos; Recife; São Lourenço da Mata; Tracunhaém; Vitória de Santo Antão,-34.8545,-8.01017
TRF5/JFPE,Recife (Sede),Recife,2611606,"1ª, 2ª, 3.ª, 4.ª, 5ª, 6.ª, 7ª, 9ª, 10ª, 11ª, 12ª, 13ª, 14ª, 15ª, 19ª, 21ª, 22ª, 33ª e 36ª.",Paudalho,2610608,False,29,Abreu e Lima; Araçoiaba; Bom Jardim; Buenos Aires; Camaragibe; Carpina; Chã de Alegria; Feira Nova; Fernando de Noronha; Glória do Goitá; Igarassu; Ilha de Itamaracá; Itapissuma; Jaboatão dos Guararapes; João Alfredo; Lagoa do Carro; Lagoa de Itaenga; Limoeiro; Machados; Moreno; Nazaré da Mata; Olinda; Paudalho; Paulista; Pombos; Recife; São Lourenço da Mata; Tracunhaém; Vitória de Santo Antão,-35.1716,-7.90287
TRF5/JFPE,Recife (Sede),Recife,2611606,"1ª, 2ª, 3.ª, 4.ª, 5ª, 6.ª, 7ª, 9ª, 10ª, 11ª, 12ª, 13ª, 14ª, 15ª, 19ª, 21ª, 22ª, 33ª e 36ª.",Paulista,2610707,False,29,Abreu e Lima; Araçoiaba; Bom Jardim; Buenos Aires; Camaragibe; Carpina; Chã de Alegria; Feira Nova; Fernando de Noronha; Glória do Goitá; Igarassu; Ilha de Itamaracá; Itapissuma; Jaboatão dos Guararapes; João Alfredo; Lagoa do Carro; Lagoa de Itaenga; Limoeiro; Machados; Moreno; Nazaré da Mata; Olinda; Paudalho; Paulista; Pombos; Recife; São Lourenço da Mata; Tracunhaém; Vitória de Santo Antão,-34.8684,-7.93401
TRF5/JFPE,Recife (Sede),Recife,2611606,"1ª, 2ª, 3.ª, 4.ª, 5ª, 6.ª, 7ª, 9ª, 10ª, 11ª, 12ª, 13ª, 14ª, 15ª, 19ª, 21ª, 22ª, 33ª e 36ª.",Pombos,2611309,False,29,Abreu e Lima; Araçoiaba; Bom Jardim; Buenos Aires; Camaragibe; Carpina; Chã de Alegria; Feira Nova; Fernando de Noronha; Glória do Goitá; Igarassu; Ilha de Itamaracá; Itapissuma; Jaboatão dos Guararapes; João Alfredo; Lagoa do Carro; Lagoa de Itaenga; Limoeiro; Machados; Moreno; Nazaré da Mata; Olinda; Paudalho; Paulista; Pombos; Recife; São Lourenço da Mata; Tracunhaém; Vitória de Santo Antão,-35.3967,-8.13982
TRF5/JFPE,Recife (Sede),Recife,2611606,"1ª, 2ª, 3.ª, 4.ª, 5ª, 6.ª, 7ª, 9ª, 10ª, 11ª, 12ª, 13ª, 14ª, 15ª, 19ª, 21ª, 22ª, 33ª e 36ª.",Recife,2611606,True,29,Abreu e Lima; Araçoiaba; Bom Jardim; Buenos Aires; Camaragibe; Carpina; Chã de Alegria; Feira Nova; Fernando de Noronha; Glória do Goitá; Igarassu; Ilha de Itamaracá; Itapissuma; Jaboatão dos Guararapes; João Alfredo; Lagoa do Carro; Lagoa de Itaenga; Limoeiro; Machados; Moreno; Nazaré da Mata; Olinda; Paudalho; Paulista; Pombos; Recife; São Lourenço da Mata; Tracunhaém; Vitória de Santo Antão,-34.8771,-8.04666
TRF5/JFPE,Recife (Sede),Recife,2611606,"1ª, 2ª, 3.ª, 4.ª, 5ª, 6.ª, 7ª, 9ª, 10ª, 11ª, 12ª, 13ª, 14ª, 15ª, 19ª, 21ª, 22ª, 33ª e 36ª.",São Lourenço da Mata,2613701,False,29,Abreu e Lima; Araçoiaba; Bom Jardim; Buenos Aires; Camaragibe; Carpina; Chã de Alegria; Feira Nova; Fernando de Noronha; Glória do Goitá; Igarassu; Ilha de Itamaracá; Itapissuma; Jaboatão dos Guararapes; João Alfredo; Lagoa do Carro; Lagoa de Itaenga; Limoeiro; Machados; Moreno; Nazaré da Mata; Olinda; Paudalho; Paulista; Pombos; Recife; São Lourenço da Mata; Tracunhaém; Vitória de Santo Antão,-35.0124,-8.00684
TRF5/JFPE,Recife (Sede),Recife,2611606,"1ª, 2ª, 3.ª, 4.ª, 5ª, 6.ª, 7ª, 9ª, 10ª, 11ª, 12ª, 13ª, 14ª, 15ª, 19ª, 21ª, 22ª, 33ª e 36ª.",Tracunhaém,2615508,False,29,Abreu e Lima; Araçoiaba; Bom Jardim; Buenos Aires; Camaragibe; Carpina; Chã de Alegria; Feira Nova; Fernando de Noronha; Glória do Goitá; Igarassu; Ilha de Itamaracá; Itapissuma; Jaboatão dos Guararapes; João Alfredo; Lagoa do Carro; Lagoa de Itaenga; Limoeiro; Machados; Moreno; Nazaré da Mata; Olinda; Paudalho; Paulista; Pombos; Recife; São Lourenço da Mata; Tracunhaém; Vitória de Santo Antão,-35.2314,-7.80228
TRF5/JFPE,Recife (Sede),Recife,2611606,"1ª, 2ª, 3.ª, 4.ª, 5ª, 6.ª, 7ª, 9ª, 10ª, 11ª, 12ª, 13ª, 14ª, 15ª, 19ª, 21ª, 22ª, 33ª e 36ª.",Vitória de Santo Antão,2616407,False,29,Abreu e Lima; Araçoiaba; Bom Jardim; Buenos Aires; Camaragibe; Carpina; Chã de Alegria; Feira Nova; Fernando de Noronha; Glória do Goitá; Igarassu; Ilha de Itamaracá; Itapissuma; Jaboatão dos Guararapes; João Alfredo; Lagoa do Carro; Lagoa de Itaenga; Limoeiro; Machados; Moreno; Nazaré da Mata; Olinda; Paudalho; Paulista; Pombos; Recife; São Lourenço da Mata; Tracunhaém; Vitória de Santo Antão,-35.2976,-8.12819
TRF5/JFPE,Arcoverde,Arcoverde,2601201,28ª,Alagoinha,2600609,False,13,Alagoinha; Arcoverde; Buíque; Ibimirim; Inajá; Itaíba; Manari; Pedra; Pesqueira; Poção; Sertânia; Tupanatinga; Venturosa,-36.7788,-8.4665
TRF5/JFPE,Arcoverde,Arcoverde,2601201,28ª,Arcoverde,2601201,True,13,Alagoinha; Arcoverde; Buíque; Ibimirim; Inajá; Itaíba; Manari; Pedra; Pesqueira; Poção; Sertânia; Tupanatinga; Venturosa,-37.0577,-8.41519
TRF5/JFPE,Arcoverde,Arcoverde,2601201,28ª,Buíque,2602803,False,13,Alagoinha; Arcoverde; Buíque; Ibimirim; Inajá; Itaíba; Manari; Pedra; Pesqueira; Poção; Sertânia; Tupanatinga; Venturosa,-37.1606,-8.61954
TRF5/JFPE,Arcoverde,Arcoverde,2601201,28ª,Ibimirim,2606606,False,13,Alagoinha; Arcoverde; Buíque; Ibimirim; Inajá; Itaíba; Manari; Pedra; Pesqueira; Poção; Sertânia; Tupanatinga; Venturosa,-37.7032,-8.54026
TRF5/JFPE,Arcoverde,Arcoverde,2601201,28ª,Inajá,2607000,False,13,Alagoinha; Arcoverde; Buíque; Ibimirim; Inajá; Itaíba; Manari; Pedra; Pesqueira; Poção; Sertânia; Tupanatinga; Venturosa,-37.8351,-8.90206
TRF5/JFPE,Arcoverde,Arcoverde,2601201,28ª,Itaíba,2607505,False,13,Alagoinha; Arcoverde; Buíque; Ibimirim; Inajá; Itaíba; Manari; Pedra; Pesqueira; Poção; Sertânia; Tupanatinga; Venturosa,-37.4173,-8.94569
TRF5/JFPE,Arcoverde,Arcoverde,2601201,28ª,Manari,2609154,False,13,Alagoinha; Arcoverde; Buíque; Ibimirim; Inajá; Itaíba; Manari; Pedra; Pesqueira; Poção; Sertânia; Tupanatinga; Venturosa,-37.6313,-8.9649
TRF5/JFPE,Arcoverde,Arcoverde,2601201,28ª,Pedra,2610806,False,13,Alagoinha; Arcoverde; Buíque; Ibimirim; Inajá; Itaíba; Manari; Pedra; Pesqueira; Poção; Sertânia; Tupanatinga; Venturosa,-36.94,-8.49641
TRF5/JFPE,Arcoverde,Arcoverde,2601201,28ª,Pesqueira,2610905,False,13,Alagoinha; Arcoverde; Buíque; Ibimirim; Inajá; Itaíba; Manari; Pedra; Pesqueira; Poção; Sertânia; Tupanatinga; Venturosa,-36.6978,-8.35797
TRF5/JFPE,Arcoverde,Arcoverde,2601201,28ª,Poção,2611200,False,13,Alagoinha; Arcoverde; Buíque; Ibimirim; Inajá; Itaíba; Manari; Pedra; Pesqueira; Poção; Sertânia; Tupanatinga; Venturosa,-36.7111,-8.18726
TRF5/JFPE,Arcoverde,Arcoverde,2601201,28ª,Sertânia,2614105,False,13,Alagoinha; Arcoverde; Buíque; Ibimirim; Inajá; Itaíba; Manari; Pedra; Pesqueira; Poção; Sertânia; Tupanatinga; Venturosa,-37.2684,-8.06847
TRF5/JFPE,Arcoverde,Arcoverde,2601201,28ª,Tupanatinga,2615805,False,13,Alagoinha; Arcoverde; Buíque; Ibimirim; Inajá; Itaíba; Manari; Pedra; Pesqueira; Poção; Sertânia; Tupanatinga; Venturosa,-37.3445,-8.74798
TRF5/JFPE,Arcoverde,Arcoverde,2601201,28ª,Venturosa,2616001,False,13,Alagoinha; Arcoverde; Buíque; Ibimirim; Inajá; Itaíba; Manari; Pedra; Pesqueira; Poção; Sertânia; Tupanatinga; Venturosa,-36.8742,-8.57885
TRF5/JFPE,Cabo de Santo Agostinho,Cabo de Santo Agostinho,2602902,34ª e 35,Amaraji,2600906,False,8,Amaraji; Cabo de Santo Agostinho; Cortês; Escada; Ipojuca; Primavera; Rio Formoso; Sirinhaém,-35.4501,-8.37691
TRF5/JFPE,Cabo de Santo Agostinho,Cabo de Santo Agostinho,2602902,34ª e 35,Cabo de Santo Agostinho,2602902,True,8,Amaraji; Cabo de Santo Agostinho; Cortês; Escada; Ipojuca; Primavera; Rio Formoso; Sirinhaém,-35.0253,-8.28218
TRF5/JFPE,Cabo de Santo Agostinho,Cabo de Santo Agostinho,2602902,34ª e 35,Cortês,2604809,False,8,Amaraji; Cabo de Santo Agostinho; Cortês; Escada; Ipojuca; Primavera; Rio Formoso; Sirinhaém,-35.5468,-8.47443
TRF5/JFPE,Cabo de Santo Agostinho,Cabo de Santo Agostinho,2602902,34ª e 35,Escada,2605202,False,8,Amaraji; Cabo de Santo Agostinho; Cortês; Escada; Ipojuca; Primavera; Rio Formoso; Sirinhaém,-35.2241,-8.35672
TRF5/JFPE,Cabo de Santo Agostinho,Cabo de Santo Agostinho,2602902,34ª e 35,Ipojuca,2607208,False,8,Amaraji; Cabo de Santo Agostinho; Cortês; Escada; Ipojuca; Primavera; Rio Formoso; Sirinhaém,-35.0609,-8.39303
TRF5/JFPE,Cabo de Santo Agostinho,Cabo de Santo Agostinho,2602902,34ª e 35,Primavera,2611408,False,8,Amaraji; Cabo de Santo Agostinho; Cortês; Escada; Ipojuca; Primavera; Rio Formoso; Sirinhaém,-35.3544,-8.32999
TRF5/JFPE,Cabo de Santo Agostinho,Cabo de Santo Agostinho,2602902,34ª e 35,Rio Formoso,2611903,False,8,Amaraji; Cabo de Santo Agostinho; Cortês; Escada; Ipojuca; Primavera; Rio Formoso; Sirinhaém,-35.1532,-8.6592
TRF5/JFPE,Cabo de Santo Agostinho,Cabo de Santo Agostinho,2602902,34ª e 35,Sirinhaém,2614204,False,8,Amaraji; Cabo de Santo Agostinho; Cortês; Escada; Ipojuca; Primavera; Rio Formoso; Sirinhaém,-35.1126,-8.58778
TRF5/JFPE,Caruaru,Caruaru,2604106,"16ª, 24ª, 31ª e 37ª",Agrestina,2600302,False,36,Agrestina; Altinho; Barra de Guabiraba; Belo Jardim; Bezerros; Bonito; Brejo da Madre de Deus; Cachoeirinha; Camocim de São Félix; Caruaru; Casinhas; Chã Grande; Cumaru; Cupira; Frei Miguelinho; Gravatá; Jataúba; Jurema; Lagoa dos Gatos; Orobó; Panelas; Passira; Riacho das Almas; Sairé; Salgadinho; Sanharó; Santa Cruz do Capibaribe; Santa Maria do Cambucá; São Caetano; São Joaquim do Monte; Surubim; Tacaimbó; Taquaritinga do Norte; Toritama; Vertente do Lério; Vertentes,-35.9447,-8.45966
TRF5/JFPE,Caruaru,Caruaru,2604106,"16ª, 24ª, 31ª e 37ª",Altinho,2600807,False,36,Agrestina; Altinho; Barra de Guabiraba; Belo Jardim; Bezerros; Bonito; Brejo da Madre de Deus; Cachoeirinha; Camocim de São Félix; Caruaru; Casinhas; Chã Grande; Cumaru; Cupira; Frei Miguelinho; Gravatá; Jataúba; Jurema; Lagoa dos Gatos; Orobó; Panelas; Passira; Riacho das Almas; Sairé; Salgadinho; Sanharó; Santa Cruz do Capibaribe; Santa Maria do Cambucá; São Caetano; São Joaquim do Monte; Surubim; Tacaimbó; Taquaritinga do Norte; Toritama; Vertente do Lério; Vertentes,-36.0644,-8.48482
TRF5/JFPE,Caruaru,Caruaru,2604106,"16ª, 24ª, 31ª e 37ª",Barra de Guabiraba,2601300,False,36,Agrestina; Altinho; Barra de Guabiraba; Belo Jardim; Bezerros; Bonito; Brejo da Madre de Deus; Cachoeirinha; Camocim de São Félix; Caruaru; Casinhas; Chã Grande; Cumaru; Cupira; Frei Miguelinho; Gravatá; Jataúba; Jurema; Lagoa dos Gatos; Orobó; Panelas; Passira; Riacho das Almas; Sairé; Salgadinho; Sanharó; Santa Cruz do Capibaribe; Santa Maria do Cambucá; São Caetano; São Joaquim do Monte; Surubim; Tacaimbó; Taquaritinga do Norte; Toritama; Vertente do Lério; Vertentes,-35.6585,-8.42075
TRF5/JFPE,Caruaru,Caruaru,2604106,"16ª, 24ª, 31ª e 37ª",Belo Jardim,2601706,False,36,Agrestina; Altinho; Barra de Guabiraba; Belo Jardim; Bezerros; Bonito; Brejo da Madre de Deus; Cachoeirinha; Camocim de São Félix; Caruaru; Casinhas; Chã Grande; Cumaru; Cupira; Frei Miguelinho; Gravatá; Jataúba; Jurema; Lagoa dos Gatos; Orobó; Panelas; Passira; Riacho das Almas; Sairé; Salgadinho; Sanharó; Santa Cruz do Capibaribe; Santa Maria do Cambucá; São Caetano; São Joaquim do Monte; Surubim; Tacaimbó; Taquaritinga do Norte; Toritama; Vertente do Lério; Vertentes,-36.4258,-8.3313
TRF5/JFPE,Caruaru,Caruaru,2604106,"16ª, 24ª, 31ª e 37ª",Bezerros,2601904,False,36,Agrestina; Altinho; Barra de Guabiraba; Belo Jardim; Bezerros; Bonito; Brejo da Madre de Deus; Cachoeirinha; Camocim de São Félix; Caruaru; Casinhas; Chã Grande; Cumaru; Cupira; Frei Miguelinho; Gravatá; Jataúba; Jurema; Lagoa dos Gatos; Orobó; Panelas; Passira; Riacho das Almas; Sairé; Salgadinho; Sanharó; Santa Cruz do Capibaribe; Santa Maria do Cambucá; São Caetano; São Joaquim do Monte; Surubim; Tacaimbó; Taquaritinga do Norte; Toritama; Vertente do Lério; Vertentes,-35.796,-8.2328
TRF5/JFPE,Caruaru,Caruaru,2604106,"16ª, 24ª, 31ª e 37ª",Bonito,2602308,False,36,Agrestina; Altinho; Barra de Guabiraba; Belo Jardim; Bezerros; Bonito; Brejo da Madre de Deus; Cachoeirinha; Camocim de São Félix; Caruaru; Casinhas; Chã Grande; Cumaru; Cupira; Frei Miguelinho; Gravatá; Jataúba; Jurema; Lagoa dos Gatos; Orobó; Panelas; Passira; Riacho das Almas; Sairé; Salgadinho; Sanharó; Santa Cruz do Capibaribe; Santa Maria do Cambucá; São Caetano; São Joaquim do Monte; Surubim; Tacaimbó; Taquaritinga do Norte; Toritama; Vertente do Lério; Vertentes,-35.7292,-8.47163
TRF5/JFPE,Caruaru,Caruaru,2604106,"16ª, 24ª, 31ª e 37ª",Brejo da Madre de Deus,2602605,False,36,Agrestina; Altinho; Barra de Guabiraba; Belo Jardim; Bezerros; Bonito; Brejo da Madre de Deus; Cachoeirinha; Camocim de São Félix; Caruaru; Casinhas; Chã Grande; Cumaru; Cupira; Frei Miguelinho; Gravatá; Jataúba; Jurema; Lagoa dos Gatos; Orobó; Panelas; Passira; Riacho das Almas; Sairé; Salgadinho; Sanharó; Santa Cruz do Capibaribe; Santa Maria do Cambucá; São Caetano; São Joaquim do Monte; Surubim; Tacaimbó; Taquaritinga do Norte; Toritama; Vertente do Lério; Vertentes,-36.3741,-8.14933
TRF5/JFPE,Caruaru,Caruaru,2604106,"16ª, 24ª, 31ª e 37ª",Cachoeirinha,2603108,False,36,Agrestina; Altinho; Barra de Guabiraba; Belo Jardim; Bezerros; Bonito; Brejo da Madre de Deus; Cachoeirinha; Camocim de São Félix; Caruaru; Casinhas; Chã Grande; Cumaru; Cupira; Frei Miguelinho; Gravatá; Jataúba; Jurema; Lagoa dos Gatos; Orobó; Panelas; Passira; Riacho das Almas; Sairé; Salgadinho; Sanharó; Santa Cruz do Capibaribe; Santa Maria do Cambucá; São Caetano; São Joaquim do Monte; Surubim; Tacaimbó; Taquaritinga do Norte; Toritama; Vertente do Lério; Vertentes,-36.2402,-8.48668
TRF5/JFPE,Caruaru,Caruaru,2604106,"16ª, 24ª, 31ª e 37ª",Camocim de São Félix,2603504,False,36,Agrestina; Altinho; Barra de Guabiraba; Belo Jardim; Bezerros; Bonito; Brejo da Madre de Deus; Cachoeirinha; Camocim de São Félix; Caruaru; Casinhas; Chã Grande; Cumaru; Cupira; Frei Miguelinho; Gravatá; Jataúba; Jurema; Lagoa dos Gatos; Orobó; Panelas; Passira; Riacho das Almas; Sairé; Salgadinho; Sanharó; Santa Cruz do Capibaribe; Santa Maria do Cambucá; São Caetano; São Joaquim do Monte; Surubim; Tacaimbó; Taquaritinga do Norte; Toritama; Vertente do Lério; Vertentes,-35.7653,-8.35865
TRF5/JFPE,Caruaru,Caruaru,2604106,"16ª, 24ª, 31ª e 37ª",Caruaru,2604106,True,36,Agrestina; Altinho; Barra de Guabiraba; Belo Jardim; Bezerros; Bonito; Brejo da Madre de Deus; Cachoeirinha; Camocim de São Félix; Caruaru; Casinhas; Chã Grande; Cumaru; Cupira; Frei Miguelinho; Gravatá; Jataúba; Jurema; Lagoa dos Gatos; Orobó; Panelas; Passira; Riacho das Almas; Sairé; Salgadinho; Sanharó; Santa Cruz do Capibaribe; Santa Maria do Cambucá; São Caetano; São Joaquim do Monte; Surubim; Tacaimbó; Taquaritinga do Norte; Toritama; Vertente do Lério; Vertentes,-35.9699,-8.28455
TRF5/JFPE,Caruaru,Caruaru,2604106,"16ª, 24ª, 31ª e 37ª",Casinhas,2604155,False,36,Agrestina; Altinho; Barra de Guabiraba; Belo Jardim; Bezerros; Bonito; Brejo da Madre de Deus; Cachoeirinha; Camocim de São Félix; Caruaru; Casinhas; Chã Grande; Cumaru; Cupira; Frei Miguelinho; Gravatá; Jataúba; Jurema; Lagoa dos Gatos; Orobó; Panelas; Passira; Riacho das Almas; Sairé; Salgadinho; Sanharó; Santa Cruz do Capibaribe; Santa Maria do Cambucá; São Caetano; São Joaquim do Monte; Surubim; Tacaimbó; Taquaritinga do Norte; Toritama; Vertente do Lério; Vertentes,-35.7206,-7.74084
TRF5/JFPE,Caruaru,Caruaru,2604106,"16ª, 24ª, 31ª e 37ª",Chã Grande,2604502,False,36,Agrestina; Altinho; Barra de Guabiraba; Belo Jardim; Bezerros; Bonito; Brejo da Madre de Deus; Cachoeirinha; Camocim de São Félix; Caruaru; Casinhas; Chã Grande; Cumaru; Cupira; Frei Miguelinho; Gravatá; Jataúba; Jurema; Lagoa dos Gatos; Orobó; Panelas; Passira; Riacho das Almas; Sairé; Salgadinho; Sanharó; Santa Cruz do Capibaribe; Santa Maria do Cambucá; São Caetano; São Joaquim do Monte; Surubim; Tacaimbó; Taquaritinga do Norte; Toritama; Vertente do Lério; Vertentes,-35.4571,-8.23827
TRF5/JFPE,Caruaru,Caruaru,2604106,"16ª, 24ª, 31ª e 37ª",Cumaru,2604908,False,36,Agrestina; Altinho; Barra de Guabiraba; Belo Jardim; Bezerros; Bonito; Brejo da Madre de Deus; Cachoeirinha; Camocim de São Félix; Caruaru; Casinhas; Chã Grande; Cumaru; Cupira; Frei Miguelinho; Gravatá; Jataúba; Jurema; Lagoa dos Gatos; Orobó; Panelas; Passira; Riacho das Almas; Sairé; Salgadinho; Sanharó; Santa Cruz do Capibaribe; Santa Maria do Cambucá; São Caetano; São Joaquim do Monte; Surubim; Tacaimbó; Taquaritinga do Norte; Toritama; Vertente do Lério; Vertentes,-35.6957,-8.00827
TRF5/JFPE,Caruaru,Caruaru,2604106,"16ª, 24ª, 31ª e 37ª",Cupira,2605004,False,36,Agrestina; Altinho; Barra de Guabiraba; Belo Jardim; Bezerros; Bonito; Brejo da Madre de Deus; Cachoeirinha; Camocim de São Félix; Caruaru; Casinhas; Chã Grande; Cumaru; Cupira; Frei Miguelinho; Gravatá; Jataúba; Jurema; Lagoa dos Gatos; Orobó; Panelas; Passira; Riacho das Almas; Sairé; Salgadinho; Sanharó; Santa Cruz do Capibaribe; Santa Maria do Cambucá; São Caetano; São Joaquim do Monte; Surubim; Tacaimbó; Taquaritinga do Norte; Toritama; Vertente do Lério; Vertentes,-35.9518,-8.62432
TRF5/JFPE,Caruaru,Caruaru,2604106,"16ª, 24ª, 31ª e 37ª",Frei Miguelinho,2605806,False,36,Agrestina; Altinho; Barra de Guabiraba; Belo Jardim; Bezerros; Bonito; Brejo da Madre de Deus; Cachoeirinha; Camocim de São Félix; Caruaru; Casinhas; Chã Grande; Cumaru; Cupira; Frei Miguelinho; Gravatá; Jataúba; Jurema; Lagoa dos Gatos; Orobó; Panelas; Passira; Riacho das Almas; Sairé; Salgadinho; Sanharó; Santa Cruz do Capibaribe; Santa Maria do Cambucá; São Caetano; São Joaquim do Monte; Surubim; Tacaimbó; Taquaritinga do Norte; Toritama; Vertente do Lério; Vertentes,-35.9113,-7.93918
TRF5/JFPE,Caruaru,Caruaru,2604106,"16ª, 24ª, 31ª e 37ª",Gravatá,2606408,False,36,Agrestina; Altinho; Barra de Guabiraba; Belo Jardim; Bezerros; Bonito; Brejo da Madre de Deus; Cachoeirinha; Camocim de São Félix; Caruaru; Casinhas; Chã Grande; Cumaru; Cupira; Frei Miguelinho; Gravatá; Jataúba; Jurema; Lagoa dos Gatos; Orobó; Panelas; Passira; Riacho das Almas; Sairé; Salgadinho; Sanharó; Santa Cruz do Capibaribe; Santa Maria do Cambucá; São Caetano; São Joaquim do Monte; Surubim; Tacaimbó; Taquaritinga do Norte; Toritama; Vertente do Lério; Vertentes,-35.5675,-8.21118
TRF5/JFPE,Caruaru,Caruaru,2604106,"16ª, 24ª, 31ª e 37ª",Jataúba,2608008,False,36,Agrestina; Altinho; Barra de Guabiraba; Belo Jardim; Bezerros; Bonito; Brejo da Madre de Deus; Cachoeirinha; Camocim de São Félix; Caruaru; Casinhas; Chã Grande; Cumaru; Cupira; Frei Miguelinho; Gravatá; Jataúba; Jurema; Lagoa dos Gatos; Orobó; Panelas; Passira; Riacho das Almas; Sairé; Salgadinho; Sanharó; Santa Cruz do Capibaribe; Santa Maria do Cambucá; São Caetano; São Joaquim do Monte; Surubim; Tacaimbó; Taquaritinga do Norte; Toritama; Vertente do Lério; Vertentes,-36.4943,-7.97668
TRF5/JFPE,Caruaru,Caruaru,2604106,"16ª, 24ª, 31ª e 37ª",Jurema,2608404,False,36,Agrestina; Altinho; Barra de Guabiraba; Belo Jardim; Bezerros; Bonito; Brejo da Madre de Deus; Cachoeirinha; Camocim de São Félix; Caruaru; Casinhas; Chã Grande; Cumaru; Cupira; Frei Miguelinho; Gravatá; Jataúba; Jurema; Lagoa dos Gatos; Orobó; Panelas; Passira; Riacho das Almas; Sairé; Salgadinho; Sanharó; Santa Cruz do Capibaribe; Santa Maria do Cambucá; São Caetano; São Joaquim do Monte; Surubim; Tacaimbó; Taquaritinga do Norte; Toritama; Vertente do Lério; Vertentes,-36.1347,-8.70714
TRF5/JFPE,Caruaru,Caruaru,2604106,"16ª, 24ª, 31ª e 37ª",Lagoa dos Gatos,2608701,False,36,Agrestina; Altinho; Barra de Guabiraba; Belo Jardim; Bezerros; Bonito; Brejo da Madre de Deus; Cachoeirinha; Camocim de São Félix; Caruaru; Casinhas; Chã Grande; Cumaru; Cupira; Frei Miguelinho; Gravatá; Jataúba; Jurema; Lagoa dos Gatos; Orobó; Panelas; Passira; Riacho das Almas; Sairé; Salgadinho; Sanharó; Santa Cruz do Capibaribe; Santa Maria do Cambucá; São Caetano; São Joaquim do Monte; Surubim; Tacaimbó; Taquaritinga do Norte; Toritama; Vertente do Lério; Vertentes,-35.904,-8.6602
TRF5/JFPE,Caruaru,Caruaru,2604106,"16ª, 24ª, 31ª e 37ª",Orobó,2609709,False,36,Agrestina; Altinho; Barra de Guabiraba; Belo Jardim; Bezerros; Bonito; Brejo da Madre de Deus; Cachoeirinha; Camocim de São Félix; Caruaru; Casinhas; Chã Grande; Cumaru; Cupira; Frei Miguelinho; Gravatá; Jataúba; Jurema; Lagoa dos Gatos; Orobó; Panelas; Passira; Riacho das Almas; Sairé; Salgadinho; Sanharó; Santa Cruz do Capibaribe; Santa Maria do Cambucá; São Caetano; São Joaquim do Monte; Surubim; Tacaimbó; Taquaritinga do Norte; Toritama; Vertente do Lério; Vertentes,-35.5956,-7.74553
TRF5/JFPE,Caruaru,Caruaru,2604106,"16ª, 24ª, 31ª e 37ª",Panelas,2610202,False,36,Agrestina; Altinho; Barra de Guabiraba; Belo Jardim; Bezerros; Bonito; Brejo da Madre de Deus; Cachoeirinha; Camocim de São Félix; Caruaru; Casinhas; Chã Grande; Cumaru; Cupira; Frei Miguelinho; Gravatá; Jataúba; Jurema; Lagoa dos Gatos; Orobó; Panelas; Passira; Riacho das Almas; Sairé; Salgadinho; Sanharó; Santa Cruz do Capibaribe; Santa Maria do Cambucá; São Caetano; São Joaquim do Monte; Surubim; Tacaimbó; Taquaritinga do Norte; Toritama; Vertente do Lério; Vertentes,-36.0125,-8.66121
TRF5/JFPE,Caruaru,Caruaru,2604106,"16ª, 24ª, 31ª e 37ª",Passira,2610509,False,36,Agrestina; Altinho; Barra de Guabiraba; Belo Jardim; Bezerros; Bonito; Brejo da Madre de Deus; Cachoeirinha; Camocim de São Félix; Caruaru; Casinhas; Chã Grande; Cumaru; Cupira; Frei Miguelinho; Gravatá; Jataúba; Jurema; Lagoa dos Gatos; Orobó; Panelas; Passira; Riacho das Almas; Sairé; Salgadinho; Sanharó; Santa Cruz do Capibaribe; Santa Maria do Cambucá; São Caetano; São Joaquim do Monte; Surubim; Tacaimbó; Taquaritinga do Norte; Toritama; Vertente do Lério; Vertentes,-35.5813,-7.9971
TRF5/JFPE,Caruaru,Caruaru,2604106,"16ª, 24ª, 31ª e 37ª",Riacho das Almas,2611705,False,36,Agrestina; Altinho; Barra de Guabiraba; Belo Jardim; Bezerros; Bonito; Brejo da Madre de Deus; Cachoeirinha; Camocim de São Félix; Caruaru; Casinhas; Chã Grande; Cumaru; Cupira; Frei Miguelinho; Gravatá; Jataúba; Jurema; Lagoa dos Gatos; Orobó; Panelas; Passira; Riacho das Almas; Sairé; Salgadinho; Sanharó; Santa Cruz do Capibaribe; Santa Maria do Cambucá; São Caetano; São Joaquim do Monte; Surubim; Tacaimbó; Taquaritinga do Norte; Toritama; Vertente do Lério; Vertentes,-35.8648,-8.13742
TRF5/JFPE,Caruaru,Caruaru,2604106,"16ª, 24ª, 31ª e 37ª",Sairé,2612000,False,36,Agrestina; Altinho; Barra de Guabiraba; Belo Jardim; Bezerros; Bonito; Brejo da Madre de Deus; Cachoeirinha; Camocim de São Félix; Caruaru; Casinhas; Chã Grande; Cumaru; Cupira; Frei Miguelinho; Gravatá; Jataúba; Jurema; Lagoa dos Gatos; Orobó; Panelas; Passira; Riacho das Almas; Sairé; Salgadinho; Sanharó; Santa Cruz do Capibaribe; Santa Maria do Cambucá; São Caetano; São Joaquim do Monte; Surubim; Tacaimbó; Taquaritinga do Norte; Toritama; Vertente do Lério; Vertentes,-35.6967,-8.32864
TRF5/JFPE,Caruaru,Caruaru,2604106,"16ª, 24ª, 31ª e 37ª",Salgadinho,2612109,False,36,Agrestina; Altinho; Barra de Guabiraba; Belo Jardim; Bezerros; Bonito; Brejo da Madre de Deus; Cachoeirinha; Camocim de São Félix; Caruaru; Casinhas; Chã Grande; Cumaru; Cupira; Frei Miguelinho; Gravatá; Jataúba; Jurema; Lagoa dos Gatos; Orobó; Panelas; Passira; Riacho das Almas; Sairé; Salgadinho; Sanharó; Santa Cruz do Capibaribe; Santa Maria do Cambucá; São Caetano; São Joaquim do Monte; Surubim; Tacaimbó; Taquaritinga do Norte; Toritama; Vertente do Lério; Vertentes,-35.6503,-7.9269
TRF5/JFPE,Caruaru,Caruaru,2604106,"16ª, 24ª, 31ª e 37ª",Sanharó,2612406,False,36,Agrestina; Altinho; Barra de Guabiraba; Belo Jardim; Bezerros; Bonito; Brejo da Madre de Deus; Cachoeirinha; Camocim de São Félix; Caruaru; Casinhas; Chã Grande; Cumaru; Cupira; Frei Miguelinho; Gravatá; Jataúba; Jurema; Lagoa dos Gatos; Orobó; Panelas; Passira; Riacho das Almas; Sairé; Salgadinho; Sanharó; Santa Cruz do Capibaribe; Santa Maria do Cambucá; São Caetano; São Joaquim do Monte; Surubim; Tacaimbó; Taquaritinga do Norte; Toritama; Vertente do Lério; Vertentes,-36.5696,-8.36097
TRF5/JFPE,Caruaru,Caruaru,2604106,"16ª, 24ª, 31ª e 37ª",Santa Cruz do Capibaribe,2612505,False,36,Agrestina; Altinho; Barra de Guabiraba; Belo Jardim; Bezerros; Bonito; Brejo da Madre de Deus; Cachoeirinha; Camocim de São Félix; Caruaru; Casinhas; Chã Grande; Cumaru; Cupira; Frei Miguelinho; Gravatá; Jataúba; Jurema; Lagoa dos Gatos; Orobó; Panelas; Passira; Riacho das Almas; Sairé; Salgadinho; Sanharó; Santa Cruz do Capibaribe; Santa Maria do Cambucá; São Caetano; São Joaquim do Monte; Surubim; Tacaimbó; Taquaritinga do Norte; Toritama; Vertente do Lério; Vertentes,-36.2061,-7.94802
TRF5/JFPE,Caruaru,Caruaru,2604106,"16ª, 24ª, 31ª e 37ª",Santa Maria do Cambucá,2612703,False,36,Agrestina; Altinho; Barra de Guabiraba; Belo Jardim; Bezerros; Bonito; Brejo da Madre de Deus; Cachoeirinha; Camocim de São Félix; Caruaru; Casinhas; Chã Grande; Cumaru; Cupira; Frei Miguelinho; Gravatá; Jataúba; Jurema; Lagoa dos Gatos; Orobó; Panelas; Passira; Riacho das Almas; Sairé; Salgadinho; Sanharó; Santa Cruz do Capibaribe; Santa Maria do Cambucá; São Caetano; São Joaquim do Monte; Surubim; Tacaimbó; Taquaritinga do Norte; Toritama; Vertente do Lério; Vertentes,-35.8941,-7.83676
TRF5/JFPE,Caruaru,Caruaru,2604106,"16ª, 24ª, 31ª e 37ª",São Caetano,2613107,False,36,Agrestina; Altinho; Barra de Guabiraba; Belo Jardim; Bezerros; Bonito; Brejo da Madre de Deus; Cachoeirinha; Camocim de São Félix; Caruaru; Casinhas; Chã Grande; Cumaru; Cupira; Frei Miguelinho; Gravatá; Jataúba; Jurema; Lagoa dos Gatos; Orobó; Panelas; Passira; Riacho das Almas; Sairé; Salgadinho; Sanharó; Santa Cruz do Capibaribe; Santa Maria do Cambucá; São Caetano; São Joaquim do Monte; Surubim; Tacaimbó; Taquaritinga do Norte; Toritama; Vertente do Lério; Vertentes,-36.2869,-8.33763
TRF5/JFPE,Caruaru,Caruaru,2604106,"16ª, 24ª, 31ª e 37ª",São Joaquim do Monte,2613305,False,36,Agrestina; Altinho; Barra de Guabiraba; Belo Jardim; Bezerros; Bonito; Brejo da Madre de Deus; Cachoeirinha; Camocim de São Félix; Caruaru; Casinhas; Chã Grande; Cumaru; Cupira; Frei Miguelinho; Gravatá; Jataúba; Jurema; Lagoa dos Gatos; Orobó; Panelas; Passira; Riacho das Almas; Sairé; Salgadinho; Sanharó; Santa Cruz do Capibaribe; Santa Maria do Cambucá; São Caetano; São Joaquim do Monte; Surubim; Tacaimbó; Taquaritinga do Norte; Toritama; Vertente do Lério; Vertentes,-35.8035,-8.43196
TRF5/JFPE,Caruaru,Caruaru,2604106,"16ª, 24ª, 31ª e 37ª",Surubim,2614501,False,36,Agrestina; Altinho; Barra de Guabiraba; Belo Jardim; Bezerros; Bonito; Brejo da Madre de Deus; Cachoeirinha; Camocim de São Félix; Caruaru; Casinhas; Chã Grande; Cumaru; Cupira; Frei Miguelinho; Gravatá; Jataúba; Jurema; Lagoa dos Gatos; Orobó; Panelas; Passira; Riacho das Almas; Sairé; Salgadinho; Sanharó; Santa Cruz do Capibaribe; Santa Maria do Cambucá; São Caetano; São Joaquim do Monte; Surubim; Tacaimbó; Taquaritinga do Norte; Toritama; Vertente do Lério; Vertentes,-35.7481,-7.84746
TRF5/JFPE,Caruaru,Caruaru,2604106,"16ª, 24ª, 31ª e 37ª",Tacaimbó,2614709,False,36,Agrestina; Altinho; Barra de Guabiraba; Belo Jardim; Bezerros; Bonito; Brejo da Madre de Deus; Cachoeirinha; Camocim de São Félix; Caruaru; Casinhas; Chã Grande; Cumaru; Cupira; Frei Miguelinho; Gravatá; Jataúba; Jurema; Lagoa dos Gatos; Orobó; Panelas; Passira; Riacho das Almas; Sairé; Salgadinho; Sanharó; Santa Cruz do Capibaribe; Santa Maria do Cambucá; São Caetano; São Joaquim do Monte; Surubim; Tacaimbó; Taquaritinga do Norte; Toritama; Vertente do Lério; Vertentes,-36.3,-8.30867
TRF5/JFPE,Caruaru,Caruaru,2604106,"16ª, 24ª, 31ª e 37ª",Taquaritinga do Norte,2615003,False,36,Agrestina; Altinho; Barra de Guabiraba; Belo Jardim; Bezerros; Bonito; Brejo da Madre de Deus; Cachoeirinha; Camocim de São Félix; Caruaru; Casinhas; Chã Grande; Cumaru; Cupira; Frei Miguelinho; Gravatá; Jataúba; Jurema; Lagoa dos Gatos; Orobó; Panelas; Passira; Riacho das Almas; Sairé; Salgadinho; Sanharó; Santa Cruz do Capibaribe; Santa Maria do Cambucá; São Caetano; São Joaquim do Monte; Surubim; Tacaimbó; Taquaritinga do Norte; Toritama; Vertente do Lério; Vertentes,-36.0423,-7.89446
TRF5/JFPE,Caruaru,Caruaru,2604106,"16ª, 24ª, 31ª e 37ª",Toritama,2615409,False,36,Agrestina; Altinho; Barra de Guabiraba; Belo Jardim; Bezerros; Bonito; Brejo da Madre de Deus; Cachoeirinha; Camocim de São Félix; Caruaru; Casinhas; Chã Grande; Cumaru; Cupira; Frei Miguelinho; Gravatá; Jataúba; Jurema; Lagoa dos Gatos; Orobó; Panelas; Passira; Riacho das Almas; Sairé; Salgadinho; Sanharó; Santa Cruz do Capibaribe; Santa Maria do Cambucá; São Caetano; São Joaquim do Monte; Surubim; Tacaimbó; Taquaritinga do Norte; Toritama; Vertente do Lério; Vertentes,-36.0637,-8.00955
TRF5/JFPE,Caruaru,Caruaru,2604106,"16ª, 24ª, 31ª e 37ª",Vertente do Lério,2616183,False,36,Agrestina; Altinho; Barra de Guabiraba; Belo Jardim; Bezerros; Bonito; Brejo da Madre de Deus; Cachoeirinha; Camocim de São Félix; Caruaru; Casinhas; Chã Grande; Cumaru; Cupira; Frei Miguelinho; Gravatá; Jataúba; Jurema; Lagoa dos Gatos; Orobó; Panelas; Passira; Riacho das Almas; Sairé; Salgadinho; Sanharó; Santa Cruz do Capibaribe; Santa Maria do Cambucá; São Caetano; São Joaquim do Monte; Surubim; Tacaimbó; Taquaritinga do Norte; Toritama; Vertente do Lério; Vertentes,-35.8491,-7.77084
TRF5/JFPE,Caruaru,Caruaru,2604106,"16ª, 24ª, 31ª e 37ª",Vertentes,2616209,False,36,Agrestina; Altinho; Barra de Guabiraba; Belo Jardim; Bezerros; Bonito; Brejo da Madre de Deus; Cachoeirinha; Camocim de São Félix; Caruaru; Casinhas; Chã Grande; Cumaru; Cupira; Frei Miguelinho; Gravatá; Jataúba; Jurema; Lagoa dos Gatos; Orobó; Panelas; Passira; Riacho das Almas; Sairé; Salgadinho; Sanharó; Santa Cruz do Capibaribe; Santa Maria do Cambucá; São Caetano; São Joaquim do Monte; Surubim; Tacaimbó; Taquaritinga do Norte; Toritama; Vertente do Lério; Vertentes,-35.9681,-7.90158
TRF5/JFPE,Garanhuns,Garanhuns,2606002,23ª e 32ª,Angelim,2601003,False,23,Angelim; Águas Belas; Brejão; Bom Conselho; Caetés; Capoeiras; Canhotinho; Correntes; Calçado; Garanhuns; Iati; Ibirajuba; Jucati; Jupi; Lajedo; Lagoa do Ouro; Palmeirina; Paranatama; Quipapá; São João; São Bento do Una; Saloá; Terezinha,-36.2902,-8.88429
TRF5/JFPE,Garanhuns,Garanhuns,2606002,23ª e 32ª,Águas Belas,2600500,False,23,Angelim; Águas Belas; Brejão; Bom Conselho; Caetés; Capoeiras; Canhotinho; Correntes; Calçado; Garanhuns; Iati; Ibirajuba; Jucati; Jupi; Lajedo; Lagoa do Ouro; Palmeirina; Paranatama; Quipapá; São João; São Bento do Una; Saloá; Terezinha,-37.1226,-9.11125
TRF5/JFPE,Garanhuns,Garanhuns,2606002,23ª e 32ª,Brejão,2602407,False,23,Angelim; Águas Belas; Brejão; Bom Conselho; Caetés; Capoeiras; Canhotinho; Correntes; Calçado; Garanhuns; Iati; Ibirajuba; Jucati; Jupi; Lajedo; Lagoa do Ouro; Palmeirina; Paranatama; Quipapá; São João; São Bento do Una; Saloá; Terezinha,-36.566,-9.02915
TRF5/JFPE,Garanhuns,Garanhuns,2606002,23ª e 32ª,Bom Conselho,2602100,False,23,Angelim; Águas Belas; Brejão; Bom Conselho; Caetés; Capoeiras; Canhotinho; Correntes; Calçado; Garanhuns; Iati; Ibirajuba; Jucati; Jupi; Lajedo; Lagoa do Ouro; Palmeirina; Paranatama; Quipapá; São João; São Bento do Una; Saloá; Terezinha,-36.6857,-9.16919
TRF5/JFPE,Garanhuns,Garanhuns,2606002,23ª e 32ª,Caetés,2603207,False,23,Angelim; Águas Belas; Brejão; Bom Conselho; Caetés; Capoeiras; Canhotinho; Correntes; Calçado; Garanhuns; Iati; Ibirajuba; Jucati; Jupi; Lajedo; Lagoa do Ouro; Palmeirina; Paranatama; Quipapá; São João; São Bento do Una; Saloá; Terezinha,-36.6268,-8.7803
TRF5/JFPE,Garanhuns,Garanhuns,2606002,23ª e 32ª,Capoeiras,2603801,False,23,Angelim; Águas Belas; Brejão; Bom Conselho; Caetés; Capoeiras; Canhotinho; Correntes; Calçado; Garanhuns; Iati; Ibirajuba; Jucati; Jupi; Lajedo; Lagoa do Ouro; Palmeirina; Paranatama; Quipapá; São João; São Bento do Una; Saloá; Terezinha,-36.6306,-8.73423
TRF5/JFPE,Garanhuns,Garanhuns,2606002,23ª e 32ª,Canhotinho,2603702,False,23,Angelim; Águas Belas; Brejão; Bom Conselho; Caetés; Capoeiras; Canhotinho; Correntes; Calçado; Garanhuns; Iati; Ibirajuba; Jucati; Jupi; Lajedo; Lagoa do Ouro; Palmeirina; Paranatama; Quipapá; São João; São Bento do Una; Saloá; Terezinha,-36.1979,-8.87652
TRF5/JFPE,Garanhuns,Garanhuns,2606002,23ª e 32ª,Correntes,2604700,False,23,Angelim; Águas Belas; Brejão; Bom Conselho; Caetés; Capoeiras; Canhotinho; Correntes; Calçado; Garanhuns; Iati; Ibirajuba; Jucati; Jupi; Lajedo; Lagoa do Ouro; Palmeirina; Paranatama; Quipapá; São João; São Bento do Una; Saloá; Terezinha,-36.3244,-9.12117
TRF5/JFPE,Garanhuns,Garanhuns,2606002,23ª e 32ª,Calçado,2603306,False,23,Angelim; Águas Belas; Brejão; Bom Conselho; Caetés; Capoeiras; Canhotinho; Correntes; Calçado; Garanhuns; Iati; Ibirajuba; Jucati; Jupi; Lajedo; Lagoa do Ouro; Palmeirina; Paranatama; Quipapá; São João; São Bento do Una; Saloá; Terezinha,-36.3366,-8.73108
TRF5/JFPE,Garanhuns,Garanhuns,2606002,23ª e 32ª,Garanhuns,2606002,True,23,Angelim; Águas Belas; Brejão; Bom Conselho; Caetés; Capoeiras; Canhotinho; Correntes; Calçado; Garanhuns; Iati; Ibirajuba; Jucati; Jupi; Lajedo; Lagoa do Ouro; Palmeirina; Paranatama; Quipapá; São João; São Bento do Una; Saloá; Terezinha,-36.4966,-8.88243
TRF5/JFPE,Garanhuns,Garanhuns,2606002,23ª e 32ª,Iati,2606507,False,23,Angelim; Águas Belas; Brejão; Bom Conselho; Caetés; Capoeiras; Canhotinho; Correntes; Calçado; Garanhuns; Iati; Ibirajuba; Jucati; Jupi; Lajedo; Lagoa do Ouro; Palmeirina; Paranatama; Quipapá; São João; São Bento do Una; Saloá; Terezinha,-36.8498,-9.04559
TRF5/JFPE,Garanhuns,Garanhuns,2606002,23ª e 32ª,Ibirajuba,2606705,False,23,Angelim; Águas Belas; Brejão; Bom Conselho; Caetés; Capoeiras; Canhotinho; Correntes; Calçado; Garanhuns; Iati; Ibirajuba; Jucati; Jupi; Lajedo; Lagoa do Ouro; Palmeirina; Paranatama; Quipapá; São João; São Bento do Una; Saloá; Terezinha,-36.1812,-8.57633
TRF5/JFPE,Garanhuns,Garanhuns,2606002,23ª e 32ª,Jucati,2608255,False,23,Angelim; Águas Belas; Brejão; Bom Conselho; Caetés; Capoeiras; Canhotinho; Correntes; Calçado; Garanhuns; Iati; Ibirajuba; Jucati; Jupi; Lajedo; Lagoa do Ouro; Palmeirina; Paranatama; Quipapá; São João; São Bento do Una; Saloá; Terezinha,-36.4871,-8.70195
TRF5/JFPE,Garanhuns,Garanhuns,2606002,23ª e 32ª,Jupi,2608305,False,23,Angelim; Águas Belas; Brejão; Bom Conselho; Caetés; Capoeiras; Canhotinho; Correntes; Calçado; Garanhuns; Iati; Ibirajuba; Jucati; Jupi; Lajedo; Lagoa do Ouro; Palmeirina; Paranatama; Quipapá; São João; São Bento do Una; Saloá; Terezinha,-36.4126,-8.70904
TRF5/JFPE,Garanhuns,Garanhuns,2606002,23ª e 32ª,Lajedo,2608800,False,23,Angelim; Águas Belas; Brejão; Bom Conselho; Caetés; Capoeiras; Canhotinho; Correntes; Calçado; Garanhuns; Iati; Ibirajuba; Jucati; Jupi; Lajedo; Lagoa do Ouro; Palmeirina; Paranatama; Quipapá; São João; São Bento do Una; Saloá; Terezinha,-36.3293,-8.65791
TRF5/JFPE,Garanhuns,Garanhuns,2606002,23ª e 32ª,Lagoa do Ouro,2608602,False,23,Angelim; Águas Belas; Brejão; Bom Conselho; Caetés; Capoeiras; Canhotinho; Correntes; Calçado; Garanhuns; Iati; Ibirajuba; Jucati; Jupi; Lajedo; Lagoa do Ouro; Palmeirina; Paranatama; Quipapá; São João; São Bento do Una; Saloá; Terezinha,-36.4584,-9.12567
TRF5/JFPE,Garanhuns,Garanhuns,2606002,23ª e 32ª,Palmeirina,2610103,False,23,Angelim; Águas Belas; Brejão; Bom Conselho; Caetés; Capoeiras; Canhotinho; Correntes; Calçado; Garanhuns; Iati; Ibirajuba; Jucati; Jupi; Lajedo; Lagoa do Ouro; Palmeirina; Paranatama; Quipapá; São João; São Bento do Una; Saloá; Terezinha,-36.3242,-9.0109
TRF5/JFPE,Garanhuns,Garanhuns,2606002,23ª e 32ª,Paranatama,2610301,False,23,Angelim; Águas Belas; Brejão; Bom Conselho; Caetés; Capoeiras; Canhotinho; Correntes; Calçado; Garanhuns; Iati; Ibirajuba; Jucati; Jupi; Lajedo; Lagoa do Ouro; Palmeirina; Paranatama; Quipapá; São João; São Bento do Una; Saloá; Terezinha,-36.6549,-8.91875
TRF5/JFPE,Garanhuns,Garanhuns,2606002,23ª e 32ª,Quipapá,2611507,False,23,Angelim; Águas Belas; Brejão; Bom Conselho; Caetés; Capoeiras; Canhotinho; Correntes; Calçado; Garanhuns; Iati; Ibirajuba; Jucati; Jupi; Lajedo; Lagoa do Ouro; Palmeirina; Paranatama; Quipapá; São João; São Bento do Una; Saloá; Terezinha,-36.0137,-8.81175
TRF5/JFPE,Garanhuns,Garanhuns,2606002,23ª e 32ª,São João,2613206,False,23,Angelim; Águas Belas; Brejão; Bom Conselho; Caetés; Capoeiras; Canhotinho; Correntes; Calçado; Garanhuns; Iati; Ibirajuba; Jucati; Jupi; Lajedo; Lagoa do Ouro; Palmeirina; Paranatama; Quipapá; São João; São Bento do Una; Saloá; Terezinha,-36.3653,-8.87576
TRF5/JFPE,Garanhuns,Garanhuns,2606002,23ª e 32ª,São Bento do Una,2613008,False,23,Angelim; Águas Belas; Brejão; Bom Conselho; Caetés; Capoeiras; Canhotinho; Correntes; Calçado; Garanhuns; Iati; Ibirajuba; Jucati; Jupi; Lajedo; Lagoa do Ouro; Palmeirina; Paranatama; Quipapá; São João; São Bento do Una; Saloá; Terezinha,-36.4465,-8.52637
TRF5/JFPE,Garanhuns,Garanhuns,2606002,23ª e 32ª,Saloá,2612307,False,23,Angelim; Águas Belas; Brejão; Bom Conselho; Caetés; Capoeiras; Canhotinho; Correntes; Calçado; Garanhuns; Iati; Ibirajuba; Jucati; Jupi; Lajedo; Lagoa do Ouro; Palmeirina; Paranatama; Quipapá; São João; São Bento do Una; Saloá; Terezinha,-36.691,-8.9723
TRF5/JFPE,Garanhuns,Garanhuns,2606002,23ª e 32ª,Terezinha,2615102,False,23,Angelim; Águas Belas; Brejão; Bom Conselho; Caetés; Capoeiras; Canhotinho; Correntes; Calçado; Garanhuns; Iati; Ibirajuba; Jucati; Jupi; Lajedo; Lagoa do Ouro; Palmeirina; Paranatama; Quipapá; São João; São Bento do Una; Saloá; Terezinha,-36.6272,-9.05621
TRF5/JFPE,Goiana,Goiana,2606200,25ª,Aliança,2600708,False,11,Aliança; Camutanga; Condado; Ferreiros; Goiana; Itaquitinga; Itambé; Macaparana; São Vicente Ferrer; Vicência; Timbaúba,-35.2227,-7.60398
TRF5/JFPE,Goiana,Goiana,2606200,25ª,Camutanga,2603603,False,11,Aliança; Camutanga; Condado; Ferreiros; Goiana; Itaquitinga; Itambé; Macaparana; São Vicente Ferrer; Vicência; Timbaúba,-35.2664,-7.40545
TRF5/JFPE,Goiana,Goiana,2606200,25ª,Condado,2604601,False,11,Aliança; Camutanga; Condado; Ferreiros; Goiana; Itaquitinga; Itambé; Macaparana; São Vicente Ferrer; Vicência; Timbaúba,-35.0999,-7.58787
TRF5/JFPE,Goiana,Goiana,2606200,25ª,Ferreiros,2605509,False,11,Aliança; Camutanga; Condado; Ferreiros; Goiana; Itaquitinga; Itambé; Macaparana; São Vicente Ferrer; Vicência; Timbaúba,-35.2373,-7.44666
TRF5/JFPE,Goiana,Goiana,2606200,25ª,Goiana,2606200,True,11,Aliança; Camutanga; Condado; Ferreiros; Goiana; Itaquitinga; Itambé; Macaparana; São Vicente Ferrer; Vicência; Timbaúba,-34.9959,-7.5606
TRF5/JFPE,Goiana,Goiana,2606200,25ª,Itaquitinga,2607802,False,11,Aliança; Camutanga; Condado; Ferreiros; Goiana; Itaquitinga; Itambé; Macaparana; São Vicente Ferrer; Vicência; Timbaúba,-35.1002,-7.66373
TRF5/JFPE,Goiana,Goiana,2606200,25ª,Itambé,2607653,False,11,Aliança; Camutanga; Condado; Ferreiros; Goiana; Itaquitinga; Itambé; Macaparana; São Vicente Ferrer; Vicência; Timbaúba,-35.0963,-7.41403
TRF5/JFPE,Goiana,Goiana,2606200,25ª,Macaparana,2609006,False,11,Aliança; Camutanga; Condado; Ferreiros; Goiana; Itaquitinga; Itambé; Macaparana; São Vicente Ferrer; Vicência; Timbaúba,-35.4425,-7.55564
TRF5/JFPE,Goiana,Goiana,2606200,25ª,São Vicente Ferrer,2613800,False,11,Aliança; Camutanga; Condado; Ferreiros; Goiana; Itaquitinga; Itambé; Macaparana; São Vicente Ferrer; Vicência; Timbaúba,-35.4808,-7.58969
TRF5/JFPE,Goiana,Goiana,2606200,25ª,Vicência,2616308,False,11,Aliança; Camutanga; Condado; Ferreiros; Goiana; Itaquitinga; Itambé; Macaparana; São Vicente Ferrer; Vicência; Timbaúba,-35.3139,-7.65655
TRF5/JFPE,Goiana,Goiana,2606200,25ª,Timbaúba,2615300,False,11,Aliança; Camutanga; Condado; Ferreiros; Goiana; Itaquitinga; Itambé; Macaparana; São Vicente Ferrer; Vicência; Timbaúba,-35.3119,-7.50484
TRF5/JFPE,Jaboatão dos Guararapes,Jaboatão dos Guararapes,2607901,29ª e 30ª,Abreu e Lima,2600054,False,28,Abreu e Lima; Araçoiaba; Bom Jardim; Buenos Aires; Camaragibe; Carpina; Chã de Alegria; Feira Nova; Glória do Goitá; Igarassu; Ilha de Itamaracá; Itapissuma; Jaboatão dos Guararapes; João Alfredo; Lagoa do Carro; Lagoa de Itaenga; Limoeiro; Machados; Moreno; Nazaré da Mata; Olinda; Paudalho; Paulista; Pombos; Recife; São Lourenço da Mata; Tracunhaém; Vitória de Santo Antão,-34.8984,-7.90072
TRF5/JFPE,Jaboatão dos Guararapes,Jaboatão dos Guararapes,2607901,29ª e 30ª,Araçoiaba,2601052,False,28,Abreu e Lima; Araçoiaba; Bom Jardim; Buenos Aires; Camaragibe; Carpina; Chã de Alegria; Feira Nova; Glória do Goitá; Igarassu; Ilha de Itamaracá; Itapissuma; Jaboatão dos Guararapes; João Alfredo; Lagoa do Carro; Lagoa de Itaenga; Limoeiro; Machados; Moreno; Nazaré da Mata; Olinda; Paudalho; Paulista; Pombos; Recife; São Lourenço da Mata; Tracunhaém; Vitória de Santo Antão,-35.0809,-7.78391
TRF5/JFPE,Jaboatão dos Guararapes,Jaboatão dos Guararapes,2607901,29ª e 30ª,Bom Jardim,2602209,False,28,Abreu e Lima; Araçoiaba; Bom Jardim; Buenos Aires; Camaragibe; Carpina; Chã de Alegria; Feira Nova; Glória do Goitá; Igarassu; Ilha de Itamaracá; Itapissuma; Jaboatão dos Guararapes; João Alfredo; Lagoa do Carro; Lagoa de Itaenga; Limoeiro; Machados; Moreno; Nazaré da Mata; Olinda; Paudalho; Paulista; Pombos; Recife; São Lourenço da Mata; Tracunhaém; Vitória de Santo Antão,-35.5784,-7.79695
TRF5/JFPE,Jaboatão dos Guararapes,Jaboatão dos Guararapes,2607901,29ª e 30ª,Buenos Aires,2602704,False,28,Abreu e Lima; Araçoiaba; Bom Jardim; Buenos Aires; Camaragibe; Carpina; Chã de Alegria; Feira Nova; Glória do Goitá; Igarassu; Ilha de Itamaracá; Itapissuma; Jaboatão dos Guararapes; João Alfredo; Lagoa do Carro; Lagoa de Itaenga; Limoeiro; Machados; Moreno; Nazaré da Mata; Olinda; Paudalho; Paulista; Pombos; Recife; São Lourenço da Mata; Tracunhaém; Vitória de Santo Antão,-35.3182,-7.72449
TRF5/JFPE,Jaboatão dos Guararapes,Jaboatão dos Guararapes,2607901,29ª e 30ª,Camaragibe,2603454,False,28,Abreu e Lima; Araçoiaba; Bom Jardim; Buenos Aires; Camaragibe; Carpina; Chã de Alegria; Feira Nova; Glória do Goitá; Igarassu; Ilha de Itamaracá; Itapissuma; Jaboatão dos Guararapes; João Alfredo; Lagoa do Carro; Lagoa de Itaenga; Limoeiro; Machados; Moreno; Nazaré da Mata; Olinda; Paudalho; Paulista; Pombos; Recife; São Lourenço da Mata; Tracunhaém; Vitória de Santo Antão,-34.9782,-8.02351
TRF5/JFPE,Jaboatão dos Guararapes,Jaboatão dos Guararapes,2607901,29ª e 30ª,Carpina,2604007,False,28,Abreu e Lima; Araçoiaba; Bom Jardim; Buenos Aires; Camaragibe; Carpina; Chã de Alegria; Feira Nova; Glória do Goitá; Igarassu; Ilha de Itamaracá; Itapissuma; Jaboatão dos Guararapes; João Alfredo; Lagoa do Carro; Lagoa de Itaenga; Limoeiro; Machados; Moreno; Nazaré da Mata; Olinda; Paudalho; Paulista; Pombos; Recife; São Lourenço da Mata; Tracunhaém; Vitória de Santo Antão,-35.2514,-7.84566
TRF5/JFPE,Jaboatão dos Guararapes,Jaboatão dos Guararapes,2607901,29ª e 30ª,Chã de Alegria,2604403,False,28,Abreu e Lima; Araçoiaba; Bom Jardim; Buenos Aires; Camaragibe; Carpina; Chã de Alegria; Feira Nova; Glória do Goitá; Igarassu; Ilha de Itamaracá; Itapissuma; Jaboatão dos Guararapes; João Alfredo; Lagoa do Carro; Lagoa de Itaenga; Limoeiro; Machados; Moreno; Nazaré da Mata; Olinda; Paudalho; Paulista; Pombos; Recife; São Lourenço da Mata; Tracunhaém; Vitória de Santo Antão,-35.204,-8.00679
TRF5/JFPE,Jaboatão dos Guararapes,Jaboatão dos Guararapes,2607901,29ª e 30ª,Feira Nova,2605400,False,28,Abreu e Lima; Araçoiaba; Bom Jardim; Buenos Aires; Camaragibe; Carpina; Chã de Alegria; Feira Nova; Glória do Goitá; Igarassu; Ilha de Itamaracá; Itapissuma; Jaboatão dos Guararapes; João Alfredo; Lagoa do Carro; Lagoa de Itaenga; Limoeiro; Machados; Moreno; Nazaré da Mata; Olinda; Paudalho; Paulista; Pombos; Recife; São Lourenço da Mata; Tracunhaém; Vitória de Santo Antão,-35.3801,-7.94704
TRF5/JFPE,Jaboatão dos Guararapes,Jaboatão dos Guararapes,2607901,29ª e 30ª,Glória do Goitá,2606101,False,28,Abreu e Lima; Araçoiaba; Bom Jardim; Buenos Aires; Camaragibe; Carpina; Chã de Alegria; Feira Nova; Glória do Goitá; Igarassu; Ilha de Itamaracá; Itapissuma; Jaboatão dos Guararapes; João Alfredo; Lagoa do Carro; Lagoa de Itaenga; Limoeiro; Machados; Moreno; Nazaré da Mata; Olinda; Paudalho; Paulista; Pombos; Recife; São Lourenço da Mata; Tracunhaém; Vitória de Santo Antão,-35.2904,-8.00568
TRF5/JFPE,Jaboatão dos Guararapes,Jaboatão dos Guararapes,2607901,29ª e 30ª,Igarassu,2606804,False,28,Abreu e Lima; Araçoiaba; Bom Jardim; Buenos Aires; Camaragibe; Carpina; Chã de Alegria; Feira Nova; Glória do Goitá; Igarassu; Ilha de Itamaracá; Itapissuma; Jaboatão dos Guararapes; João Alfredo; Lagoa do Carro; Lagoa de Itaenga; Limoeiro; Machados; Moreno; Nazaré da Mata; Olinda; Paudalho; Paulista; Pombos; Recife; São Lourenço da Mata; Tracunhaém; Vitória de Santo Antão,-34.9013,-7.82881
TRF5/JFPE,Jaboatão dos Guararapes,Jaboatão dos Guararapes,2607901,29ª e 30ª,Ilha de Itamaracá,2607604,False,28,Abreu e Lima; Araçoiaba; Bom Jardim; Buenos Aires; Camaragibe; Carpina; Chã de Alegria; Feira Nova; Glória do Goitá; Igarassu; Ilha de Itamaracá; Itapissuma; Jaboatão dos Guararapes; João Alfredo; Lagoa do Carro; Lagoa de Itaenga; Limoeiro; Machados; Moreno; Nazaré da Mata; Olinda; Paudalho; Paulista; Pombos; Recife; São Lourenço da Mata; Tracunhaém; Vitória de Santo Antão,-34.8303,-7.74766
TRF5/JFPE,Jaboatão dos Guararapes,Jaboatão dos Guararapes,2607901,29ª e 30ª,Itapissuma,2607752,False,28,Abreu e Lima; Araçoiaba; Bom Jardim; Buenos Aires; Camaragibe; Carpina; Chã de Alegria; Feira Nova; Glória do Goitá; Igarassu; Ilha de Itamaracá; Itapissuma; Jaboatão dos Guararapes; João Alfredo; Lagoa do Carro; Lagoa de Itaenga; Limoeiro; Machados; Moreno; Nazaré da Mata; Olinda; Paudalho; Paulista; Pombos; Recife; São Lourenço da Mata; Tracunhaém; Vitória de Santo Antão,-34.8971,-7.76798
TRF5/JFPE,Jaboatão dos Guararapes,Jaboatão dos Guararapes,2607901,29ª e 30ª,Jaboatão dos Guararapes,2607901,True,28,Abreu e Lima; Araçoiaba; Bom Jardim; Buenos Aires; Camaragibe; Carpina; Chã de Alegria; Feira Nova; Glória do Goitá; Igarassu; Ilha de Itamaracá; Itapissuma; Jaboatão dos Guararapes; João Alfredo; Lagoa do Carro; Lagoa de Itaenga; Limoeiro; Machados; Moreno; Nazaré da Mata; Olinda; Paudalho; Paulista; Pombos; Recife; São Lourenço da Mata; Tracunhaém; Vitória de Santo Antão,-35.015,-8.11298
TRF5/JFPE,Jaboatão dos Guararapes,Jaboatão dos Guararapes,2607901,29ª e 30ª,João Alfredo,2608107,False,28,Abreu e Lima; Araçoiaba; Bom Jardim; Buenos Aires; Camaragibe; Carpina; Chã de Alegria; Feira Nova; Glória do Goitá; Igarassu; Ilha de Itamaracá; Itapissuma; Jaboatão dos Guararapes; João Alfredo; Lagoa do Carro; Lagoa de Itaenga; Limoeiro; Machados; Moreno; Nazaré da Mata; Olinda; Paudalho; Paulista; Pombos; Recife; São Lourenço da Mata; Tracunhaém; Vitória de Santo Antão,-35.5787,-7.86565
TRF5/JFPE,Jaboatão dos Guararapes,Jaboatão dos Guararapes,2607901,29ª e 30ª,Lagoa do Carro,2608453,False,28,Abreu e Lima; Araçoiaba; Bom Jardim; Buenos Aires; Camaragibe; Carpina; Chã de Alegria; Feira Nova; Glória do Goitá; Igarassu; Ilha de Itamaracá; Itapissuma; Jaboatão dos Guararapes; João Alfredo; Lagoa do Carro; Lagoa de Itaenga; Limoeiro; Machados; Moreno; Nazaré da Mata; Olinda; Paudalho; Paulista; Pombos; Recife; São Lourenço da Mata; Tracunhaém; Vitória de Santo Antão,-35.3108,-7.84383
TRF5/JFPE,Jaboatão dos Guararapes,Jaboatão dos Guararapes,2607901,29ª e 30ª,Lagoa de Itaenga,2608503,False,28,Abreu e Lima; Araçoiaba; Bom Jardim; Buenos Aires; Camaragibe; Carpina; Chã de Alegria; Feira Nova; Glória do Goitá; Igarassu; Ilha de Itamaracá; Itapissuma; Jaboatão dos Guararapes; João Alfredo; Lagoa do Carro; Lagoa de Itaenga; Limoeiro; Machados; Moreno; Nazaré da Mata; Olinda; Paudalho; Paulista; Pombos; Recife; São Lourenço da Mata; Tracunhaém; Vitória de Santo Antão,-35.2874,-7.93005
TRF5/JFPE,Jaboatão dos Guararapes,Jaboatão dos Guararapes,2607901,29ª e 30ª,Limoeiro,2608909,False,28,Abreu e Lima; Araçoiaba; Bom Jardim; Buenos Aires; Camaragibe; Carpina; Chã de Alegria; Feira Nova; Glória do Goitá; Igarassu; Ilha de Itamaracá; Itapissuma; Jaboatão dos Guararapes; João Alfredo; Lagoa do Carro; Lagoa de Itaenga; Limoeiro; Machados; Moreno; Nazaré da Mata; Olinda; Paudalho; Paulista; Pombos; Recife; São Lourenço da Mata; Tracunhaém; Vitória de Santo Antão,-35.4402,-7.8726
TRF5/JFPE,Jaboatão dos Guararapes,Jaboatão dos Guararapes,2607901,29ª e 30ª,Machados,2609105,False,28,Abreu e Lima; Araçoiaba; Bom Jardim; Buenos Aires; Camaragibe; Carpina; Chã de Alegria; Feira Nova; Glória do Goitá; Igarassu; Ilha de Itamaracá; Itapissuma; Jaboatão dos Guararapes; João Alfredo; Lagoa do Carro; Lagoa de Itaenga; Limoeiro; Machados; Moreno; Nazaré da Mata; Olinda; Paudalho; Paulista; Pombos; Recife; São Lourenço da Mata; Tracunhaém; Vitória de Santo Antão,-35.5114,-7.68827
TRF5/JFPE,Jaboatão dos Guararapes,Jaboatão dos Guararapes,2607901,29ª e 30ª,Moreno,2609402,False,28,Abreu e Lima; Araçoiaba; Bom Jardim; Buenos Aires; Camaragibe; Carpina; Chã de Alegria; Feira Nova; Glória do Goitá; Igarassu; Ilha de Itamaracá; Itapissuma; Jaboatão dos Guararapes; João Alfredo; Lagoa do Carro; Lagoa de Itaenga; Limoeiro; Machados; Moreno; Nazaré da Mata; Olinda; Paudalho; Paulista; Pombos; Recife; São Lourenço da Mata; Tracunhaém; Vitória de Santo Antão,-35.0835,-8.10871
TRF5/JFPE,Jaboatão dos Guararapes,Jaboatão dos Guararapes,2607901,29ª e 30ª,Nazaré da Mata,2609501,False,28,Abreu e Lima; Araçoiaba; Bom Jardim; Buenos Aires; Camaragibe; Carpina; Chã de Alegria; Feira Nova; Glória do Goitá; Igarassu; Ilha de Itamaracá; Itapissuma; Jaboatão dos Guararapes; João Alfredo; Lagoa do Carro; Lagoa de Itaenga; Limoeiro; Machados; Moreno; Nazaré da Mata; Olinda; Paudalho; Paulista; Pombos; Recife; São Lourenço da Mata; Tracunhaém; Vitória de Santo Antão,-35.2193,-7.74149
TRF5/JFPE,Jaboatão dos Guararapes,Jaboatão dos Guararapes,2607901,29ª e 30ª,Olinda,2609600,False,28,Abreu e Lima; Araçoiaba; Bom Jardim; Buenos Aires; Camaragibe; Carpina; Chã de Alegria; Feira Nova; Glória do Goitá; Igarassu; Ilha de Itamaracá; Itapissuma; Jaboatão dos Guararapes; João Alfredo; Lagoa do Carro; Lagoa de Itaenga; Limoeiro; Machados; Moreno; Nazaré da Mata; Olinda; Paudalho; Paulista; Pombos; Recife; São Lourenço da Mata; Tracunhaém; Vitória de Santo Antão,-34.8545,-8.01017
TRF5/JFPE,Jaboatão dos Guararapes,Jaboatão dos Guararapes,2607901,29ª e 30ª,Paudalho,2610608,False,28,Abreu e Lima; Araçoiaba; Bom Jardim; Buenos Aires; Camaragibe; Carpina; Chã de Alegria; Feira Nova; Glória do Goitá; Igarassu; Ilha de Itamaracá; Itapissuma; Jaboatão dos Guararapes; João Alfredo; Lagoa do Carro; Lagoa de Itaenga; Limoeiro; Machados; Moreno; Nazaré da Mata; Olinda; Paudalho; Paulista; Pombos; Recife; São Lourenço da Mata; Tracunhaém; Vitória de Santo Antão,-35.1716,-7.90287
TRF5/JFPE,Jaboatão dos Guararapes,Jaboatão dos Guararapes,2607901,29ª e 30ª,Paulista,2610707,False,28,Abreu e Lima; Araçoiaba; Bom Jardim; Buenos Aires; Camaragibe; Carpina; Chã de Alegria; Feira Nova; Glória do Goitá; Igarassu; Ilha de Itamaracá; Itapissuma; Jaboatão dos Guararapes; João Alfredo; Lagoa do Carro; Lagoa de Itaenga; Limoeiro; Machados; Moreno; Nazaré da Mata; Olinda; Paudalho; Paulista; Pombos; Recife; São Lourenço da Mata; Tracunhaém; Vitória de Santo Antão,-34.8684,-7.93401
TRF5/JFPE,Jaboatão dos Guararapes,Jaboatão dos Guararapes,2607901,29ª e 30ª,Pombos,2611309,False,28,Abreu e Lima; Araçoiaba; Bom Jardim; Buenos Aires; Camaragibe; Carpina; Chã de Alegria; Feira Nova; Glória do Goitá; Igarassu; Ilha de Itamaracá; Itapissuma; Jaboatão dos Guararapes; João Alfredo; Lagoa do Carro; Lagoa de Itaenga; Limoeiro; Machados; Moreno; Nazaré da Mata; Olinda; Paudalho; Paulista; Pombos; Recife; São Lourenço da Mata; Tracunhaém; Vitória de Santo Antão,-35.3967,-8.13982
TRF5/JFPE,Jaboatão dos Guararapes,Jaboatão dos Guararapes,2607901,29ª e 30ª,Recife,2611606,False,28,Abreu e Lima; Araçoiaba; Bom Jardim; Buenos Aires; Camaragibe; Carpina; Chã de Alegria; Feira Nova; Glória do Goitá; Igarassu; Ilha de Itamaracá; Itapissuma; Jaboatão dos Guararapes; João Alfredo; Lagoa do Carro; Lagoa de Itaenga; Limoeiro; Machados; Moreno; Nazaré da Mata; Olinda; Paudalho; Paulista; Pombos; Recife; São Lourenço da Mata; Tracunhaém; Vitória de Santo Antão,-34.8771,-8.04666
TRF5/JFPE,Jaboatão dos Guararapes,Jaboatão dos Guararapes,2607901,29ª e 30ª,São Lourenço da Mata,2613701,False,28,Abreu e Lima; Araçoiaba; Bom Jardim; Buenos Aires; Camaragibe; Carpina; Chã de Alegria; Feira Nova; Glória do Goitá; Igarassu; Ilha de Itamaracá; Itapissuma; Jaboatão dos Guararapes; João Alfredo; Lagoa do Carro; Lagoa de Itaenga; Limoeiro; Machados; Moreno; Nazaré da Mata; Olinda; Paudalho; Paulista; Pombos; Recife; São Lourenço da Mata; Tracunhaém; Vitória de Santo Antão,-35.0124,-8.00684
TRF5/JFPE,Jaboatão dos Guararapes,Jaboatão dos Guararapes,2607901,29ª e 30ª,Tracunhaém,2615508,False,28,Abreu e Lima; Araçoiaba; Bom Jardim; Buenos Aires; Camaragibe; Carpina; Chã de Alegria; Feira Nova; Glória do Goitá; Igarassu; Ilha de Itamaracá; Itapissuma; Jaboatão dos Guararapes; João Alfredo; Lagoa do Carro; Lagoa de Itaenga; Limoeiro; Machados; Moreno; Nazaré da Mata; Olinda; Paudalho; Paulista; Pombos; Recife; São Lourenço da Mata; Tracunhaém; Vitória de Santo Antão,-35.2314,-7.80228
TRF5/JFPE,Jaboatão dos Guararapes,Jaboatão dos Guararapes,2607901,29ª e 30ª,Vitória de Santo Antão,2616407,False,28,Abreu e Lima; Araçoiaba; Bom Jardim; Buenos Aires; Camaragibe; Carpina; Chã de Alegria; Feira Nova; Glória do Goitá; Igarassu; Ilha de Itamaracá; Itapissuma; Jaboatão dos Guararapes; João Alfredo; Lagoa do Carro; Lagoa de Itaenga; Limoeiro; Machados; Moreno; Nazaré da Mata; Olinda; Paudalho; Paulista; Pombos; Recife; São Lourenço da Mata; Tracunhaém; Vitória de Santo Antão,-35.2976,-8.12819
TRF5/JFPE,Ouricuri,Ouricuri,2609907,27ª,Araripina,2601102,False,10,Araripina; Bodocó; Exu; Granito; Ipubi; Moreilândia; Ouricuri; Santa Cruz; Santa Filomena; Trindade,-40.494,-7.57073
TRF5/JFPE,Ouricuri,Ouricuri,2609907,27ª,Bodocó,2602001,False,10,Araripina; Bodocó; Exu; Granito; Ipubi; Moreilândia; Ouricuri; Santa Cruz; Santa Filomena; Trindade,-39.9338,-7.77759
TRF5/JFPE,Ouricuri,Ouricuri,2609907,27ª,Exu,2605301,False,10,Araripina; Bodocó; Exu; Granito; Ipubi; Moreilândia; Ouricuri; Santa Cruz; Santa Filomena; Trindade,-39.7238,-7.50364
TRF5/JFPE,Ouricuri,Ouricuri,2609907,27ª,Granito,2606309,False,10,Araripina; Bodocó; Exu; Granito; Ipubi; Moreilândia; Ouricuri; Santa Cruz; Santa Filomena; Trindade,-39.615,-7.70711
TRF5/JFPE,Ouricuri,Ouricuri,2609907,27ª,Ipubi,2607307,False,10,Araripina; Bodocó; Exu; Granito; Ipubi; Moreilândia; Ouricuri; Santa Cruz; Santa Filomena; Trindade,-40.1476,-7.64505
TRF5/JFPE,Ouricuri,Ouricuri,2609907,27ª,Moreilândia,2614303,False,10,Araripina; Bodocó; Exu; Granito; Ipubi; Moreilândia; Ouricuri; Santa Cruz; Santa Filomena; Trindade,-39.546,-7.61931
TRF5/JFPE,Ouricuri,Ouricuri,2609907,27ª,Ouricuri,2609907,True,10,Araripina; Bodocó; Exu; Granito; Ipubi; Moreilândia; Ouricuri; Santa Cruz; Santa Filomena; Trindade,-40.08,-7.87918
TRF5/JFPE,Ouricuri,Ouricuri,2609907,27ª,Santa Cruz,2612455,False,10,Araripina; Bodocó; Exu; Granito; Ipubi; Moreilândia; Ouricuri; Santa Cruz; Santa Filomena; Trindade,-40.3434,-8.24153
TRF5/JFPE,Ouricuri,Ouricuri,2609907,27ª,Santa Filomena,2612554,False,10,Araripina; Bodocó; Exu; Granito; Ipubi; Moreilândia; Ouricuri; Santa Cruz; Santa Filomena; Trindade,-40.6079,-8.16688
TRF5/JFPE,Ouricuri,Ouricuri,2609907,27ª,Trindade,2615607,False,10,Araripina; Bodocó; Exu; Granito; Ipubi; Moreilândia; Ouricuri; Santa Cruz; Santa Filomena; Trindade,-40.2647,-7.759
TRF5/JFPE,Palmares,Palmares,2610004,26ª,Água Preta,2600401,False,14,Água Preta; Barreiros; Belém de Maria; Catende; Gameleira; Jaqueira; Joaquim Nabuco; Maraial; Palmares; Ribeirão; São Benedito do Sul; São José da Coroa Grande; Tamandaré; Xexéu,-35.5263,-8.70609
TRF5/JFPE,Palmares,Palmares,2610004,26ª,Barreiros,2601409,False,14,Água Preta; Barreiros; Belém de Maria; Catende; Gameleira; Jaqueira; Joaquim Nabuco; Maraial; Palmares; Ribeirão; São Benedito do Sul; São José da Coroa Grande; Tamandaré; Xexéu,-35.1832,-8.81605
TRF5/JFPE,Palmares,Palmares,2610004,26ª,Belém de Maria,2601508,False,14,Água Preta; Barreiros; Belém de Maria; Catende; Gameleira; Jaqueira; Joaquim Nabuco; Maraial; Palmares; Ribeirão; São Benedito do Sul; São José da Coroa Grande; Tamandaré; Xexéu,-35.8335,-8.62504
TRF5/JFPE,Palmares,Palmares,2610004,26ª,Catende,2604205,False,14,Água Preta; Barreiros; Belém de Maria; Catende; Gameleira; Jaqueira; Joaquim Nabuco; Maraial; Palmares; Ribeirão; São Benedito do Sul; São José da Coroa Grande; Tamandaré; Xexéu,-35.7024,-8.67509
TRF5/JFPE,Palmares,Palmares,2610004,26ª,Gameleira,2605905,False,14,Água Preta; Barreiros; Belém de Maria; Catende; Gameleira; Jaqueira; Joaquim Nabuco; Maraial; Palmares; Ribeirão; São Benedito do Sul; São José da Coroa Grande; Tamandaré; Xexéu,-35.3846,-8.5798
TRF5/JFPE,Palmares,Palmares,2610004,26ª,Jaqueira,2607950,False,14,Água Preta; Barreiros; Belém de Maria; Catende; Gameleira; Jaqueira; Joaquim Nabuco; Maraial; Palmares; Ribeirão; São Benedito do Sul; São José da Coroa Grande; Tamandaré; Xexéu,-35.7942,-8.72618
TRF5/JFPE,Palmares,Palmares,2610004,26ª,Joaquim Nabuco,2608206,False,14,Água Preta; Barreiros; Belém de Maria; Catende; Gameleira; Jaqueira; Joaquim Nabuco; Maraial; Palmares; Ribeirão; São Benedito do Sul; São José da Coroa Grande; Tamandaré; Xexéu,-35.5288,-8.62281
TRF5/JFPE,Palmares,Palmares,2610004,26ª,Maraial,2609204,False,14,Água Preta; Barreiros; Belém de Maria; Catende; Gameleira; Jaqueira; Joaquim Nabuco; Maraial; Palmares; Ribeirão; São Benedito do Sul; São José da Coroa Grande; Tamandaré; Xexéu,-35.8266,-8.79062
TRF5/JFPE,Palmares,Palmares,2610004,26ª,Palmares,2610004,True,14,Água Preta; Barreiros; Belém de Maria; Catende; Gameleira; Jaqueira; Joaquim Nabuco; Maraial; Palmares; Ribeirão; São Benedito do Sul; São José da Coroa Grande; Tamandaré; Xexéu,-35.589,-8.68423
TRF5/JFPE,Palmares,Palmares,2610004,26ª,Ribeirão,2611804,False,14,Água Preta; Barreiros; Belém de Maria; Catende; Gameleira; Jaqueira; Joaquim Nabuco; Maraial; Palmares; Ribeirão; São Benedito do Sul; São José da Coroa Grande; Tamandaré; Xexéu,-35.3698,-8.50957
TRF5/JFPE,Palmares,Palmares,2610004,26ª,São Benedito do Sul,2612901,False,14,Água Preta; Barreiros; Belém de Maria; Catende; Gameleira; Jaqueira; Joaquim Nabuco; Maraial; Palmares; Ribeirão; São Benedito do Sul; São José da Coroa Grande; Tamandaré; Xexéu,-35.9453,-8.8166
TRF5/JFPE,Palmares,Palmares,2610004,26ª,São José da Coroa Grande,2613404,False,14,Água Preta; Barreiros; Belém de Maria; Catende; Gameleira; Jaqueira; Joaquim Nabuco; Maraial; Palmares; Ribeirão; São Benedito do Sul; São José da Coroa Grande; Tamandaré; Xexéu,-35.1515,-8.88937
TRF5/JFPE,Palmares,Palmares,2610004,26ª,Tamandaré,2614857,False,14,Água Preta; Barreiros; Belém de Maria; Catende; Gameleira; Jaqueira; Joaquim Nabuco; Maraial; Palmares; Ribeirão; São Benedito do Sul; São José da Coroa Grande; Tamandaré; Xexéu,-35.1033,-8.75665
TRF5/JFPE,Palmares,Palmares,2610004,26ª,Xexéu,2616506,False,14,Água Preta; Barreiros; Belém de Maria; Catende; Gameleira; Jaqueira; Joaquim Nabuco; Maraial; Palmares; Ribeirão; São Benedito do Sul; São José da Coroa Grande; Tamandaré; Xexéu,-35.6212,-8.8046
TRF5/JFPE,Petrolina,Petrolina,2611101,8ª e 17ª,Afrânio,2600203,False,5,Afrânio; Dormentes; Lagoa Grande; Petrolina; Santa Maria da Boa Vista,-41.0095,-8.51136
TRF5/JFPE,Petrolina,Petrolina,2611101,8ª e 17ª,Dormentes,2605152,False,5,Afrânio; Dormentes; Lagoa Grande; Petrolina; Santa Maria da Boa Vista,-40.7662,-8.44116
TRF5/JFPE,Petrolina,Petrolina,2611101,8ª e 17ª,Lagoa Grande,2608750,False,5,Afrânio; Dormentes; Lagoa Grande; Petrolina; Santa Maria da Boa Vista,-40.2767,-8.99452
TRF5/JFPE,Petrolina,Petrolina,2611101,8ª e 17ª,Petrolina,2611101,True,5,Afrânio; Dormentes; Lagoa Grande; Petrolina; Santa Maria da Boa Vista,-40.5027,-9.38866
TRF5/JFPE,Petrolina,Petrolina,2611101,8ª e 17ª,Santa Maria da Boa Vista,2612604,False,5,Afrânio; Dormentes; Lagoa Grande; Petrolina; Santa Maria da Boa Vista,-39.8241,-8.79766
TRF5/JFPE,Salgueiro,Salgueiro,2612208,20ª,Belém do São Francisco,2601607,False,11,Belém do São Francisco; Carnaubeira da Penha; Cabrobó; Cedro; Mirandiba; Orocó; Parnamirim; Salgueiro; Serrita; Terra Nova; Verdejante,-38.9623,-8.75046
TRF5/JFPE,Salgueiro,Salgueiro,2612208,20ª,Carnaubeira da Penha,2603926,False,11,Belém do São Francisco; Carnaubeira da Penha; Cabrobó; Cedro; Mirandiba; Orocó; Parnamirim; Salgueiro; Serrita; Terra Nova; Verdejante,-38.7512,-8.31799
TRF5/JFPE,Salgueiro,Salgueiro,2612208,20ª,Cabrobó,2603009,False,11,Belém do São Francisco; Carnaubeira da Penha; Cabrobó; Cedro; Mirandiba; Orocó; Parnamirim; Salgueiro; Serrita; Terra Nova; Verdejante,-39.3094,-8.50548
TRF5/JFPE,Salgueiro,Salgueiro,2612208,20ª,Cedro,2604304,False,11,Belém do São Francisco; Carnaubeira da Penha; Cabrobó; Cedro; Mirandiba; Orocó; Parnamirim; Salgueiro; Serrita; Terra Nova; Verdejante,-39.2367,-7.71179
TRF5/JFPE,Salgueiro,Salgueiro,2612208,20ª,Mirandiba,2609303,False,11,Belém do São Francisco; Carnaubeira da Penha; Cabrobó; Cedro; Mirandiba; Orocó; Parnamirim; Salgueiro; Serrita; Terra Nova; Verdejante,-38.7388,-8.12113
TRF5/JFPE,Salgueiro,Salgueiro,2612208,20ª,Orocó,2609808,False,11,Belém do São Francisco; Carnaubeira da Penha; Cabrobó; Cedro; Mirandiba; Orocó; Parnamirim; Salgueiro; Serrita; Terra Nova; Verdejante,-39.6026,-8.61026
TRF5/JFPE,Salgueiro,Salgueiro,2612208,20ª,Parnamirim,2610400,False,11,Belém do São Francisco; Carnaubeira da Penha; Cabrobó; Cedro; Mirandiba; Orocó; Parnamirim; Salgueiro; Serrita; Terra Nova; Verdejante,-39.5795,-8.08729
TRF5/JFPE,Salgueiro,Salgueiro,2612208,20ª,Salgueiro,2612208,True,11,Belém do São Francisco; Carnaubeira da Penha; Cabrobó; Cedro; Mirandiba; Orocó; Parnamirim; Salgueiro; Serrita; Terra Nova; Verdejante,-39.1247,-8.07373
TRF5/JFPE,Salgueiro,Salgueiro,2612208,20ª,Serrita,2614006,False,11,Belém do São Francisco; Carnaubeira da Penha; Cabrobó; Cedro; Mirandiba; Orocó; Parnamirim; Salgueiro; Serrita; Terra Nova; Verdejante,-39.2951,-7.94041
TRF5/JFPE,Salgueiro,Salgueiro,2612208,20ª,Terra Nova,2615201,False,11,Belém do São Francisco; Carnaubeira da Penha; Cabrobó; Cedro; Mirandiba; Orocó; Parnamirim; Salgueiro; Serrita; Terra Nova; Verdejante,-39.3825,-8.22244
TRF5/JFPE,Salgueiro,Salgueiro,2612208,20ª,Verdejante,2616100,False,11,Belém do São Francisco; Carnaubeira da Penha; Cabrobó; Cedro; Mirandiba; Orocó; Parnamirim; Salgueiro; Serrita; Terra Nova; Verdejante,-38.9701,-7.92235
TRF5/JFPE,Serra Talhada,Serra Talhada,2613909,18ª e 38ª,Afogados da Ingazeira,2600104,False,25,Afogados da Ingazeira; Betânia; Brejinho; Calumbi; Carnaíba; Custódia; Flores; Floresta; Iguaracy; Ingazeira; Itacuruba; Itapetim; Jatobá; Petrolândia; Quixaba; Santa Cruz da Baixa Verde; Santa Terezinha; São José do Belmonte; São José do Egito; Serra Talhada; Solidão; Tabira; Tacaratu; Triunfo; Tuparetama,-37.631,-7.74312
TRF5/JFPE,Serra Talhada,Serra Talhada,2613909,18ª e 38ª,Betânia,2601805,False,25,Afogados da Ingazeira; Betânia; Brejinho; Calumbi; Carnaíba; Custódia; Flores; Floresta; Iguaracy; Ingazeira; Itacuruba; Itapetim; Jatobá; Petrolândia; Quixaba; Santa Cruz da Baixa Verde; Santa Terezinha; São José do Belmonte; São José do Egito; Serra Talhada; Solidão; Tabira; Tacaratu; Triunfo; Tuparetama,-38.0345,-8.26787
TRF5/JFPE,Serra Talhada,Serra Talhada,2613909,18ª e 38ª,Brejinho,2602506,False,25,Afogados da Ingazeira; Betânia; Brejinho; Calumbi; Carnaíba; Custódia; Flores; Floresta; Iguaracy; Ingazeira; Itacuruba; Itapetim; Jatobá; Petrolândia; Quixaba; Santa Cruz da Baixa Verde; Santa Terezinha; São José do Belmonte; São José do Egito; Serra Talhada; Solidão; Tabira; Tacaratu; Triunfo; Tuparetama,-37.2865,-7.34694
TRF5/JFPE,Serra Talhada,Serra Talhada,2613909,18ª e 38ª,Calumbi,2603405,False,25,Afogados da Ingazeira; Betânia; Brejinho; Calumbi; Carnaíba; Custódia; Flores; Floresta; Iguaracy; Ingazeira; Itacuruba; Itapetim; Jatobá; Petrolândia; Quixaba; Santa Cruz da Baixa Verde; Santa Terezinha; São José do Belmonte; São José do Egito; Serra Talhada; Solidão; Tabira; Tacaratu; Triunfo; Tuparetama,-38.1482,-7.93551
TRF5/JFPE,Serra Talhada,Serra Talhada,2613909,18ª e 38ª,Carnaíba,2603900,False,25,Afogados da Ingazeira; Betânia; Brejinho; Calumbi; Carnaíba; Custódia; Flores; Floresta; Iguaracy; Ingazeira; Itacuruba; Itapetim; Jatobá; Petrolândia; Quixaba; Santa Cruz da Baixa Verde; Santa Terezinha; São José do Belmonte; São José do Egito; Serra Talhada; Solidão; Tabira; Tacaratu; Triunfo; Tuparetama,-37.7946,-7.79342
TRF5/JFPE,Serra Talhada,Serra Talhada,2613909,18ª e 38ª,Custódia,2605103,False,25,Afogados da Ingazeira; Betânia; Brejinho; Calumbi; Carnaíba; Custódia; Flores; Floresta; Iguaracy; Ingazeira; Itacuruba; Itapetim; Jatobá; Petrolândia; Quixaba; Santa Cruz da Baixa Verde; Santa Terezinha; São José do Belmonte; São José do Egito; Serra Talhada; Solidão; Tabira; Tacaratu; Triunfo; Tuparetama,-37.6443,-8.08546
TRF5/JFPE,Serra Talhada,Serra Talhada,2613909,18ª e 38ª,Flores,2605608,False,25,Afogados da Ingazeira; Betânia; Brejinho; Calumbi; Carnaíba; Custódia; Flores; Floresta; Iguaracy; Ingazeira; Itacuruba; Itapetim; Jatobá; Petrolândia; Quixaba; Santa Cruz da Baixa Verde; Santa Terezinha; São José do Belmonte; São José do Egito; Serra Talhada; Solidão; Tabira; Tacaratu; Triunfo; Tuparetama,-37.9715,-7.85842
TRF5/JFPE,Serra Talhada,Serra Talhada,2613909,18ª e 38ª,Floresta,2605707,False,25,Afogados da Ingazeira; Betânia; Brejinho; Calumbi; Carnaíba; Custódia; Flores; Floresta; Iguaracy; Ingazeira; Itacuruba; Itapetim; Jatobá; Petrolândia; Quixaba; Santa Cruz da Baixa Verde; Santa Terezinha; São José do Belmonte; São José do Egito; Serra Talhada; Solidão; Tabira; Tacaratu; Triunfo; Tuparetama,-38.5687,-8.60307
TRF5/JFPE,Serra Talhada,Serra Talhada,2613909,18ª e 38ª,Iguaracy,2606903,False,25,Afogados da Ingazeira; Betânia; Brejinho; Calumbi; Carnaíba; Custódia; Flores; Floresta; Iguaracy; Ingazeira; Itacuruba; Itapetim; Jatobá; Petrolândia; Quixaba; Santa Cruz da Baixa Verde; Santa Terezinha; São José do Belmonte; São José do Egito; Serra Talhada; Solidão; Tabira; Tacaratu; Triunfo; Tuparetama,-37.5082,-7.83222
TRF5/JFPE,Serra Talhada,Serra Talhada,2613909,18ª e 38ª,Ingazeira,2607109,False,25,Afogados da Ingazeira; Betânia; Brejinho; Calumbi; Carnaíba; Custódia; Flores; Floresta; Iguaracy; Ingazeira; Itacuruba; Itapetim; Jatobá; Petrolândia; Quixaba; Santa Cruz da Baixa Verde; Santa Terezinha; São José do Belmonte; São José do Egito; Serra Talhada; Solidão; Tabira; Tacaratu; Triunfo; Tuparetama,-37.4576,-7.66909
TRF5/JFPE,Serra Talhada,Serra Talhada,2613909,18ª e 38ª,Itacuruba,2607406,False,25,Afogados da Ingazeira; Betânia; Brejinho; Calumbi; Carnaíba; Custódia; Flores; Floresta; Iguaracy; Ingazeira; Itacuruba; Itapetim; Jatobá; Petrolândia; Quixaba; Santa Cruz da Baixa Verde; Santa Terezinha; São José do Belmonte; São José do Egito; Serra Talhada; Solidão; Tabira; Tacaratu; Triunfo; Tuparetama,-38.6975,-8.82231
TRF5/JFPE,Serra Talhada,Serra Talhada,2613909,18ª e 38ª,Itapetim,2607703,False,25,Afogados da Ingazeira; Betânia; Brejinho; Calumbi; Carnaíba; Custódia; Flores; Floresta; Iguaracy; Ingazeira; Itacuruba; Itapetim; Jatobá; Petrolândia; Quixaba; Santa Cruz da Baixa Verde; Santa Terezinha; São José do Belmonte; São José do Egito; Serra Talhada; Solidão; Tabira; Tacaratu; Triunfo; Tuparetama,-37.1863,-7.37178
TRF5/JFPE,Serra Talhada,Serra Talhada,2613909,18ª e 38ª,Jatobá,2608057,False,25,Afogados da Ingazeira; Betânia; Brejinho; Calumbi; Carnaíba; Custódia; Flores; Floresta; Iguaracy; Ingazeira; Itacuruba; Itapetim; Jatobá; Petrolândia; Quixaba; Santa Cruz da Baixa Verde; Santa Terezinha; São José do Belmonte; São José do Egito; Serra Talhada; Solidão; Tabira; Tacaratu; Triunfo; Tuparetama,-38.2607,-9.17476
TRF5/JFPE,Serra Talhada,Serra Talhada,2613909,18ª e 38ª,Petrolândia,2611002,False,25,Afogados da Ingazeira; Betânia; Brejinho; Calumbi; Carnaíba; Custódia; Flores; Floresta; Iguaracy; Ingazeira; Itacuruba; Itapetim; Jatobá; Petrolândia; Quixaba; Santa Cruz da Baixa Verde; Santa Terezinha; São José do Belmonte; São José do Egito; Serra Talhada; Solidão; Tabira; Tacaratu; Triunfo; Tuparetama,-38.3027,-9.06863
TRF5/JFPE,Serra Talhada,Serra Talhada,2613909,18ª e 38ª,Quixaba,2611533,False,25,Afogados da Ingazeira; Betânia; Brejinho; Calumbi; Carnaíba; Custódia; Flores; Floresta; Iguaracy; Ingazeira; Itacuruba; Itapetim; Jatobá; Petrolândia; Quixaba; Santa Cruz da Baixa Verde; Santa Terezinha; São José do Belmonte; São José do Egito; Serra Talhada; Solidão; Tabira; Tacaratu; Triunfo; Tuparetama,-37.8446,-7.70734
TRF5/JFPE,Serra Talhada,Serra Talhada,2613909,18ª e 38ª,Santa Cruz da Baixa Verde,2612471,False,25,Afogados da Ingazeira; Betânia; Brejinho; Calumbi; Carnaíba; Custódia; Flores; Floresta; Iguaracy; Ingazeira; Itacuruba; Itapetim; Jatobá; Petrolândia; Quixaba; Santa Cruz da Baixa Verde; Santa Terezinha; São José do Belmonte; São José do Egito; Serra Talhada; Solidão; Tabira; Tacaratu; Triunfo; Tuparetama,-38.1476,-7.81339
TRF5/JFPE,Serra Talhada,Serra Talhada,2613909,18ª e 38ª,Santa Terezinha,2612802,False,25,Afogados da Ingazeira; Betânia; Brejinho; Calumbi; Carnaíba; Custódia; Flores; Floresta; Iguaracy; Ingazeira; Itacuruba; Itapetim; Jatobá; Petrolândia; Quixaba; Santa Cruz da Baixa Verde; Santa Terezinha; São José do Belmonte; São José do Egito; Serra Talhada; Solidão; Tabira; Tacaratu; Triunfo; Tuparetama,-37.4787,-7.37696
TRF5/JFPE,Serra Talhada,Serra Talhada,2613909,18ª e 38ª,São José do Belmonte,2613503,False,25,Afogados da Ingazeira; Betânia; Brejinho; Calumbi; Carnaíba; Custódia; Flores; Floresta; Iguaracy; Ingazeira; Itacuruba; Itapetim; Jatobá; Petrolândia; Quixaba; Santa Cruz da Baixa Verde; Santa Terezinha; São José do Belmonte; São José do Egito; Serra Talhada; Solidão; Tabira; Tacaratu; Triunfo; Tuparetama,-38.7577,-7.85723
TRF5/JFPE,Serra Talhada,Serra Talhada,2613909,18ª e 38ª,São José do Egito,2613602,False,25,Afogados da Ingazeira; Betânia; Brejinho; Calumbi; Carnaíba; Custódia; Flores; Floresta; Iguaracy; Ingazeira; Itacuruba; Itapetim; Jatobá; Petrolândia; Quixaba; Santa Cruz da Baixa Verde; Santa Terezinha; São José do Belmonte; São José do Egito; Serra Talhada; Solidão; Tabira; Tacaratu; Triunfo; Tuparetama,-37.274,-7.46945
TRF5/JFPE,Serra Talhada,Serra Talhada,2613909,18ª e 38ª,Serra Talhada,2613909,True,25,Afogados da Ingazeira; Betânia; Brejinho; Calumbi; Carnaíba; Custódia; Flores; Floresta; Iguaracy; Ingazeira; Itacuruba; Itapetim; Jatobá; Petrolândia; Quixaba; Santa Cruz da Baixa Verde; Santa Terezinha; São José do Belmonte; São José do Egito; Serra Talhada; Solidão; Tabira; Tacaratu; Triunfo; Tuparetama,-38.289,-7.98178
TRF5/JFPE,Serra Talhada,Serra Talhada,2613909,18ª e 38ª,Solidão,2614402,False,25,Afogados da Ingazeira; Betânia; Brejinho; Calumbi; Carnaíba; Custódia; Flores; Floresta; Iguaracy; Ingazeira; Itacuruba; Itapetim; Jatobá; Petrolândia; Quixaba; Santa Cruz da Baixa Verde; Santa Terezinha; São José do Belmonte; São José do Egito; Serra Talhada; Solidão; Tabira; Tacaratu; Triunfo; Tuparetama,-37.6445,-7.59472
TRF5/JFPE,Serra Talhada,Serra Talhada,2613909,18ª e 38ª,Tabira,2614600,False,25,Afogados da Ingazeira; Betânia; Brejinho; Calumbi; Carnaíba; Custódia; Flores; Floresta; Iguaracy; Ingazeira; Itacuruba; Itapetim; Jatobá; Petrolândia; Quixaba; Santa Cruz da Baixa Verde; Santa Terezinha; São José do Belmonte; São José do Egito; Serra Talhada; Solidão; Tabira; Tacaratu; Triunfo; Tuparetama,-37.5377,-7.58366
TRF5/JFPE,Serra Talhada,Serra Talhada,2613909,18ª e 38ª,Tacaratu,2614808,False,25,Afogados da Ingazeira; Betânia; Brejinho; Calumbi; Carnaíba; Custódia; Flores; Floresta; Iguaracy; Ingazeira; Itacuruba; Itapetim; Jatobá; Petrolândia; Quixaba; Santa Cruz da Baixa Verde; Santa Terezinha; São José do Belmonte; São José do Egito; Serra Talhada; Solidão; Tabira; Tacaratu; Triunfo; Tuparetama,-38.1504,-9.09798
TRF5/JFPE,Serra Talhada,Serra Talhada,2613909,18ª e 38ª,Triunfo,2615706,False,25,Afogados da Ingazeira; Betânia; Brejinho; Calumbi; Carnaíba; Custódia; Flores; Floresta; Iguaracy; Ingazeira; Itacuruba; Itapetim; Jatobá; Petrolândia; Quixaba; Santa Cruz da Baixa Verde; Santa Terezinha; São José do Belmonte; São José do Egito; Serra Talhada; Solidão; Tabira; Tacaratu; Triunfo; Tuparetama,-38.0978,-7.83272
TRF5/JFPE,Serra Talhada,Serra Talhada,2613909,18ª e 38ª,Tuparetama,2615904,False,25,Afogados da Ingazeira; Betânia; Brejinho; Calumbi; Carnaíba; Custódia; Flores; Floresta; Iguaracy; Ingazeira; Itacuruba; Itapetim; Jatobá; Petrolândia; Quixaba; Santa Cruz da Baixa Verde; Santa Terezinha; São José do Belmonte; São José do Egito; Serra Talhada; Solidão; Tabira; Tacaratu; Triunfo; Tuparetama,-37.3165,-7.6003
