municipio_ibge,municipio_nome,lon,lat,tjpe_comarca_nome,tjpe_comarca_ibge,tjpe_eh_sede,tjpe_tipo_vinculo,tjpe_total_municipios_comarca,tjpe_comarca_abrangencia,jfpe_subsecoes,jfpe_varas,jfpe_eh_sede
2600054,Abreu e Lima,-34.8984,-7.90072,Abreu e Lima,2600054,True,Sede da Comarca,1,Abreu e Lima,Recife (Sede); Jaboatão dos Guararapes,"Recife (Sede): 1ª, 2ª, 3.ª, 4.ª, 5ª, 6.ª, 7ª, 9ª, 10ª, 11ª, 12ª, 13ª, 14ª, 15ª, 19ª, 21ª, 22ª, 33ª e 36ª. | Jaboatão dos Guararapes: 29ª e 30ª",False
2600104,Afogados da Ingazeira,-37.631,-7.74312,Afogados da Ingazeira,2600104,True,Sede da Comarca,2,Afogados da Ingazeira; Iguaracy,Serra Talhada,Serra Talhada: 18ª e 38ª,False
2600203,Afrânio,-41.0095,-8.51136,Afrânio,2600203,True,Sede da Comarca,2,Afrânio; Dormentes,Petrolina,Petrolina: 8ª e 17ª,False
2600302,Agrestina,-35.9447,-8.45966,Agrestina,2600302,True,Sede da Comarca,1,Agrestina,Caruaru,"Caruaru: 16ª, 24ª, 31ª e 37ª",False
2600609,Alagoinha,-36.7788,-8.4665,Alagoinha,2600609,True,Sede da Comarca,1,Alagoinha,Arcoverde,Arcoverde: 28ª,False
2600708,Aliança,-35.2227,-7.60398,Aliança,2600708,True,Sede da Comarca,1,Aliança,Goiana,Goiana: 25ª,False
2600807,Altinho,-36.0644,-8.48482,Altinho,2600807,True,Sede da Comarca,2,Altinho; Ibirajuba,Caruaru,"Caruaru: 16ª, 24ª, 31ª e 37ª",False
2600906,Amaraji,-35.4501,-8.37691,Amaraji,2600906,True,Sede da Comarca,2,Amaraji; Primavera,Cabo de Santo Agostinho,Cabo de Santo Agostinho: 34ª e 35,False
2601003,Angelim,-36.2902,-8.88429,Angelim,2601003,True,Sede da Comarca,1,Angelim,Garanhuns,Garanhuns: 23ª e 32ª,False
2601102,Araripina,-40.494,-7.57073,Araripina,2601102,True,Sede da Comarca,1,Araripina,Ouricuri,Ouricuri: 27ª,False
2601052,Araçoiaba,-35.0809,-7.78391,Igarassu,2606804,False,Termo Judiciário (Município Abrangido),2,Araçoiaba; Igarassu,Recife (Sede); Jaboatão dos Guararapes,"Recife (Sede): 1ª, 2ª, 3.ª, 4.ª, 5ª, 6.ª, 7ª, 9ª, 10ª, 11ª, 12ª, 13ª, 14ª, 15ª, 19ª, 21ª, 22ª, 33ª e 36ª. | Jaboatão dos Guararapes: 29ª e 30ª",False
2601201,Arcoverde,-37.0577,-8.41519,Arcoverde,2601201,True,Sede da Comarca,1,Arcoverde,Arcoverde,Arcoverde: 28ª,True
2601300,Barra de Guabiraba,-35.6585,-8.42075,Bonito,2602308,False,Termo Judiciário (Município Abrangido),2,Barra de Guabiraba; Bonito,Caruaru,"Caruaru: 16ª, 24ª, 31ª e 37ª",False
2601409,Barreiros,-35.1832,-8.81605,Barreiros,2601409,True,Sede da Comarca,1,Barreiros,Palmares,Palmares: 26ª,False
2601706,Belo Jardim,-36.4258,-8.3313,Belo Jardim,2601706,True,Sede da Comarca,1,Belo Jardim,Caruaru,"Caruaru: 16ª, 24ª, 31ª e 37ª",False
2601508,Belém de Maria,-35.8335,-8.62504,Lagoa dos Gatos,2608701,False,Termo Judiciário (Município Abrangido),2,Belém de Maria; Lagoa dos Gatos,Palmares,Palmares: 26ª,False
2601607,Belém do São Francisco,-38.9623,-8.75046,Belém do São Francisco,2601607,True,Sede da Comarca,2,Belém do São Francisco; Itacuruba,Salgueiro,Salgueiro: 20ª,False
2601805,Betânia,-38.0345,-8.26787,Betânia,2601805,True,Sede da Comarca,1,Betânia,Serra Talhada,Serra Talhada: 18ª e 38ª,False
2601904,Bezerros,-35.796,-8.2328,Bezerros,2601904,True,Sede da Comarca,1,Bezerros,Caruaru,"Caruaru: 16ª, 24ª, 31ª e 37ª",False
2602001,Bodocó,-39.9338,-7.77759,Bodocó,2602001,True,Sede da Comarca,2,Bodocó; Granito,Ouricuri,Ouricuri: 27ª,False
2602100,Bom Conselho,-36.6857,-9.16919,Bom Conselho,2602100,True,Sede da Comarca,2,Bom Conselho; Terezinha,Garanhuns,Garanhuns: 23ª e 32ª,False
2602209,Bom Jardim,-35.5784,-7.79695,Bom Jardim,2602209,True,Sede da Comarca,2,Bom Jardim; Machados,Recife (Sede); Jaboatão dos Guararapes,"Recife (Sede): 1ª, 2ª, 3.ª, 4.ª, 5ª, 6.ª, 7ª, 9ª, 10ª, 11ª, 12ª, 13ª, 14ª, 15ª, 19ª, 21ª, 22ª, 33ª e 36ª. | Jaboatão dos Guararapes: 29ª e 30ª",False
2602308,Bonito,-35.7292,-8.47163,Bonito,2602308,True,Sede da Comarca,2,Barra de Guabiraba; Bonito,Caruaru,"Caruaru: 16ª, 24ª, 31ª e 37ª",False
2602506,Brejinho,-37.2865,-7.34694,Itapetim,2607703,False,Termo Judiciário (Município Abrangido),2,Brejinho; Itapetim,Serra Talhada,Serra Talhada: 18ª e 38ª,False
2602605,Brejo da Madre de Deus,-36.3741,-8.14933,Brejo da Madre de Deus,2602605,True,Sede da Comarca,1,Brejo da Madre de Deus,Caruaru,"Caruaru: 16ª, 24ª, 31ª e 37ª",False
2602407,Brejão,-36.566,-9.02915,Garanhuns,2606002,False,Termo Judiciário (Município Abrangido),2,Brejão; Garanhuns,Garanhuns,Garanhuns: 23ª e 32ª,False
2602704,Buenos Aires,-35.3182,-7.72449,Tracunhaém,2615508,False,Termo Judiciário (Município Abrangido),2,Buenos Aires; Tracunhaém,Recife (Sede); Jaboatão dos Guararapes,"Recife (Sede): 1ª, 2ª, 3.ª, 4.ª, 5ª, 6.ª, 7ª, 9ª, 10ª, 11ª, 12ª, 13ª, 14ª, 15ª, 19ª, 21ª, 22ª, 33ª e 36ª. | Jaboatão dos Guararapes: 29ª e 30ª",False
2602803,Buíque,-37.1606,-8.61954,Buíque,2602803,True,Sede da Comarca,2,Buíque; Tupanatinga,Arcoverde,Arcoverde: 28ª,False
2602902,Cabo de Santo Agostinho,-35.0253,-8.28218,Cabo de Santo Agostinho,2602902,True,Sede da Comarca,1,Cabo de Santo Agostinho,Cabo de Santo Agostinho,Cabo de Santo Agostinho: 34ª e 35,True
2603009,Cabrobó,-39.3094,-8.50548,Cabrobó,2603009,True,Sede da Comarca,1,Cabrobó,Salgueiro,Salgueiro: 20ª,False
2603108,Cachoeirinha,-36.2402,-8.48668,Cachoeirinha,2603108,True,Sede da Comarca,1,Cachoeirinha,Caruaru,"Caruaru: 16ª, 24ª, 31ª e 37ª",False
2603207,Caetés,-36.6268,-8.7803,Caetés,2603207,True,Sede da Comarca,1,Caetés,Garanhuns,Garanhuns: 23ª e 32ª,False
2603405,Calumbi,-38.1482,-7.93551,Flores,2605608,False,Termo Judiciário (Município Abrangido),2,Calumbi; Flores,Serra Talhada,Serra Talhada: 18ª e 38ª,False
2603306,Calçado,-36.3366,-8.73108,Lajedo,2608800,False,Termo Judiciário (Município Abrangido),2,Calçado; Lajedo,Garanhuns,Garanhuns: 23ª e 32ª,False
2603454,Camaragibe,-34.9782,-8.02351,Camaragibe,2603454,True,Sede da Comarca,1,Camaragibe,Recife (Sede); Jaboatão dos Guararapes,"Recife (Sede): 1ª, 2ª, 3.ª, 4.ª, 5ª, 6.ª, 7ª, 9ª, 10ª, 11ª, 12ª, 13ª, 14ª, 15ª, 19ª, 21ª, 22ª, 33ª e 36ª. | Jaboatão dos Guararapes: 29ª e 30ª",False
2603504,Camocim de São Félix,-35.7653,-8.35865,Camocim de São Félix,2603504,True,Sede da Comarca,1,Camocim de São Félix,Caruaru,"Caruaru: 16ª, 24ª, 31ª e 37ª",False
2603603,Camutanga,-35.2664,-7.40545,Ferreiros,2605509,False,Termo Judiciário (Município Abrangido),2,Camutanga; Ferreiros,Goiana,Goiana: 25ª,False
2603702,Canhotinho,-36.1979,-8.87652,Canhotinho,2603702,True,Sede da Comarca,1,Canhotinho,Garanhuns,Garanhuns: 23ª e 32ª,False
2603801,Capoeiras,-36.6306,-8.73423,Capoeiras,2603801,True,Sede da Comarca,1,Capoeiras,Garanhuns,Garanhuns: 23ª e 32ª,False
2603926,Carnaubeira da Penha,-38.7512,-8.31799,Mirandiba,2609303,False,Termo Judiciário (Município Abrangido),2,Carnaubeira da Penha; Mirandiba,Salgueiro,Salgueiro: 20ª,False
2603900,Carnaíba,-37.7946,-7.79342,Carnaíba,2603900,True,Sede da Comarca,2,Carnaíba; Quixaba,Serra Talhada,Serra Talhada: 18ª e 38ª,False
2604007,Carpina,-35.2514,-7.84566,Carpina,2604007,True,Sede da Comarca,2,Carpina; Lagoa do Carro,Recife (Sede); Jaboatão dos Guararapes,"Recife (Sede): 1ª, 2ª, 3.ª, 4.ª, 5ª, 6.ª, 7ª, 9ª, 10ª, 11ª, 12ª, 13ª, 14ª, 15ª, 19ª, 21ª, 22ª, 33ª e 36ª. | Jaboatão dos Guararapes: 29ª e 30ª",False
2604106,Caruaru,-35.9699,-8.28455,Caruaru,2604106,True,Sede da Comarca,2,Caruaru; Riacho das Almas,Caruaru,"Caruaru: 16ª, 24ª, 31ª e 37ª",True
2604155,Casinhas,-35.7206,-7.74084,Surubim,2614501,False,Termo Judiciário (Município Abrangido),3,Casinhas; Surubim; Vertente do Lério,Caruaru,"Caruaru: 16ª, 24ª, 31ª e 37ª",False
2604205,Catende,-35.7024,-8.67509,Catende,2604205,True,Sede da Comarca,1,Catende,Palmares,Palmares: 26ª,False
2604304,Cedro,-39.2367,-7.71179,Serrita,2614006,False,Termo Judiciário (Município Abrangido),2,Cedro; Serrita,Salgueiro,Salgueiro: 20ª,False
2604502,Chã Grande,-35.4571,-8.23827,Gravatá,2606408,False,Termo Judiciário (Município Abrangido),2,Chã Grande; Gravatá,Caruaru,"Caruaru: 16ª, 24ª, 31ª e 37ª",False
2604403,Chã de Alegria,-35.204,-8.00679,Glória do Goitá,2606101,False,Termo Judiciário (Município Abrangido),2,Chã de Alegria; Glória do Goitá,Recife (Sede); Jaboatão dos Guararapes,"Recife (Sede): 1ª, 2ª, 3.ª, 4.ª, 5ª, 6.ª, 7ª, 9ª, 10ª, 11ª, 12ª, 13ª, 14ª, 15ª, 19ª, 21ª, 22ª, 33ª e 36ª. | Jaboatão dos Guararapes: 29ª e 30ª",False
2604601,Condado,-35.0999,-7.58787,Condado,2604601,True,Sede da Comarca,1,Condado,Goiana,Goiana: 25ª,False
2604700,Correntes,-36.3244,-9.12117,Correntes,2604700,True,Sede da Comarca,2,Correntes; Lagoa do Ouro,Garanhuns,Garanhuns: 23ª e 32ª,False
2604809,Cortês,-35.5468,-8.47443,Cortês,2604809,True,Sede da Comarca,1,Cortês,Cabo de Santo Agostinho,Cabo de Santo Agostinho: 34ª e 35,False
2604908,Cumaru,-35.6957,-8.00827,Cumaru,2604908,True,Sede da Comarca,1,Cumaru,Caruaru,"Caruaru: 16ª, 24ª, 31ª e 37ª",False
2605004,Cupira,-35.9518,-8.62432,Cupira,2605004,True,Sede da Comarca,1,Cupira,Caruaru,"Caruaru: 16ª, 24ª, 31ª e 37ª",False
2605103,Custódia,-37.6443,-8.08546,Custódia,2605103,True,Sede da Comarca,1,Custódia,Serra Talhada,Serra Talhada: 18ª e 38ª,False
2605152,Dormentes,-40.7662,-8.44116,Afrânio,2600203,False,Termo Judiciário (Município Abrangido),2,Afrânio; Dormentes,Petrolina,Petrolina: 8ª e 17ª,False
2605202,Escada,-35.2241,-8.35672,Escada,2605202,True,Sede da Comarca,1,Escada,Cabo de Santo Agostinho,Cabo de Santo Agostinho: 34ª e 35,False
2605301,Exu,-39.7238,-7.50364,Exu,2605301,True,Sede da Comarca,2,Exu; Moreilândia,Ouricuri,Ouricuri: 27ª,False
2605400,Feira Nova,-35.3801,-7.94704,Feira Nova,2605400,True,Sede da Comarca,1,Feira Nova,Recife (Sede); Jaboatão dos Guararapes,"Recife (Sede): 1ª, 2ª, 3.ª, 4.ª, 5ª, 6.ª, 7ª, 9ª, 10ª, 11ª, 12ª, 13ª, 14ª, 15ª, 19ª, 21ª, 22ª, 33ª e 36ª. | Jaboatão dos Guararapes: 29ª e 30ª",False
2605459,Fernando de Noronha,-32.4107,-3.8396,Recife,2611606,False,Termo Judiciário (Município Abrangido),2,Fernando de Noronha; Recife,Recife (Sede),"Recife (Sede): 1ª, 2ª, 3.ª, 4.ª, 5ª, 6.ª, 7ª, 9ª, 10ª, 11ª, 12ª, 13ª, 14ª, 15ª, 19ª, 21ª, 22ª, 33ª e 36ª.",False
2605509,Ferreiros,-35.2373,-7.44666,Ferreiros,2605509,True,Sede da Comarca,2,Camutanga; Ferreiros,Goiana,Goiana: 25ª,False
2605608,Flores,-37.9715,-7.85842,Flores,2605608,True,Sede da Comarca,2,Calumbi; Flores,Serra Talhada,Serra Talhada: 18ª e 38ª,False
2605707,Floresta,-38.5687,-8.60307,Floresta,2605707,True,Sede da Comarca,1,Floresta,Serra Talhada,Serra Talhada: 18ª e 38ª,False
2605806,Frei Miguelinho,-35.9113,-7.93918,Santa Maria do Cambucá,2612703,False,Termo Judiciário (Município Abrangido),2,Frei Miguelinho; Santa Maria do Cambucá,Caruaru,"Caruaru: 16ª, 24ª, 31ª e 37ª",False
2605905,Gameleira,-35.3846,-8.5798,Gameleira,2605905,True,Sede da Comarca,1,Gameleira,Palmares,Palmares: 26ª,False
2606002,Garanhuns,-36.4966,-8.88243,Garanhuns,2606002,True,Sede da Comarca,2,Brejão; Garanhuns,Garanhuns,Garanhuns: 23ª e 32ª,True
2606101,Glória do Goitá,-35.2904,-8.00568,Glória do Goitá,2606101,True,Sede da Comarca,2,Chã de Alegria; Glória do Goitá,Recife (Sede); Jaboatão dos Guararapes,"Recife (Sede): 1ª, 2ª, 3.ª, 4.ª, 5ª, 6.ª, 7ª, 9ª, 10ª, 11ª, 12ª, 13ª, 14ª, 15ª, 19ª, 21ª, 22ª, 33ª e 36ª. | Jaboatão dos Guararapes: 29ª e 30ª",False
2606200,Goiana,-34.9959,-7.5606,Goiana,2606200,True,Sede da Comarca,1,Goiana,Goiana,Goiana: 25ª,True
2606309,Granito,-39.615,-7.70711,Bodocó,2602001,False,Termo Judiciário (Município Abrangido),2,Bodocó; Granito,Ouricuri,Ouricuri: 27ª,False
2606408,Gravatá,-35.5675,-8.21118,Gravatá,2606408,True,Sede da Comarca,2,Chã Grande; Gravatá,Caruaru,"Caruaru: 16ª, 24ª, 31ª e 37ª",False
2606507,Iati,-36.8498,-9.04559,Iati,2606507,True,Sede da Comarca,1,Iati,Garanhuns,Garanhuns: 23ª e 32ª,False
2606606,Ibimirim,-37.7032,-8.54026,Ibimirim,2606606,True,Sede da Comarca,1,Ibimirim,Arcoverde,Arcoverde: 28ª,False
2606705,Ibirajuba,-36.1812,-8.57633,Altinho,2600807,False,Termo Judiciário (Município Abrangido),2,Altinho; Ibirajuba,Garanhuns,Garanhuns: 23ª e 32ª,False
2606804,Igarassu,-34.9013,-7.82881,Igarassu,2606804,True,Sede da Comarca,2,Araçoiaba; Igarassu,Recife (Sede); Jaboatão dos Guararapes,"Recife (Sede): 1ª, 2ª, 3.ª, 4.ª, 5ª, 6.ª, 7ª, 9ª, 10ª, 11ª, 12ª, 13ª, 14ª, 15ª, 19ª, 21ª, 22ª, 33ª e 36ª. | Jaboatão dos Guararapes: 29ª e 30ª",False
2606903,Iguaracy,-37.5082,-7.83222,Afogados da Ingazeira,2600104,False,Termo Judiciário (Município Abrangido),2,Afogados da Ingazeira; Iguaracy,Serra Talhada,Serra Talhada: 18ª e 38ª,False
2607604,Ilha de Itamaracá,-34.8303,-7.74766,Ilha de Itamaracá,2607604,True,Sede da Comarca,1,Ilha de Itamaracá,Recife (Sede); Jaboatão dos Guararapes,"Recife (Sede): 1ª, 2ª, 3.ª, 4.ª, 5ª, 6.ª, 7ª, 9ª, 10ª, 11ª, 12ª, 13ª, 14ª, 15ª, 19ª, 21ª, 22ª, 33ª e 36ª. | Jaboatão dos Guararapes: 29ª e 30ª",False
2607000,Inajá,-37.8351,-8.90206,Inajá,2607000,True,Sede da Comarca,2,Inajá; Manari,Arcoverde,Arcoverde: 28ª,False
2607109,Ingazeira,-37.4576,-7.66909,Tuparetama,2615904,False,Termo Judiciário (Município Abrangido),2,Ingazeira; Tuparetama,Serra Talhada,Serra Talhada: 18ª e 38ª,False
2607208,Ipojuca,-35.0609,-8.39303,Ipojuca,2607208,True,Sede da Comarca,1,Ipojuca,Cabo de Santo Agostinho,Cabo de Santo Agostinho: 34ª e 35,False
2607307,Ipubi,-40.1476,-7.64505,Ipubi,2607307,True,Sede da Comarca,1,Ipubi,Ouricuri,Ouricuri: 27ª,False
2607406,Itacuruba,-38.6975,-8.82231,Belém do São Francisco,2601607,False,Termo Judiciário (Município Abrangido),2,Belém do São Francisco; Itacuruba,Serra Talhada,Serra Talhada: 18ª e 38ª,False
2607653,Itambé,-35.0963,-7.41403,Itambé,2607653,True,Sede da Comarca,1,Itambé,Goiana,Goiana: 25ª,False
2607703,Itapetim,-37.1863,-7.37178,Itapetim,2607703,True,Sede da Comarca,2,Brejinho; Itapetim,Serra Talhada,Serra Talhada: 18ª e 38ª,False
2607752,Itapissuma,-34.8971,-7.76798,Itapissuma,2607752,True,Sede da Comarca,1,Itapissuma,Recife (Sede); Jaboatão dos Guararapes,"Recife (Sede): 1ª, 2ª, 3.ª, 4.ª, 5ª, 6.ª, 7ª, 9ª, 10ª, 11ª, 12ª, 13ª, 14ª, 15ª, 19ª, 21ª, 22ª, 33ª e 36ª. | Jaboatão dos Guararapes: 29ª e 30ª",False
2607802,Itaquitinga,-35.1002,-7.66373,Itaquitinga,2607802,True,Sede da Comarca,1,Itaquitinga,Goiana,Goiana: 25ª,False
2607505,Itaíba,-37.4173,-8.94569,Itaíba,2607505,True,Sede da Comarca,1,Itaíba,Arcoverde,Arcoverde: 28ª,False
2607901,Jaboatão dos Guararapes,-35.015,-8.11298,Jaboatão dos Guararapes,2607901,True,Sede da Comarca,1,Jaboatão dos Guararapes,Recife (Sede); Jaboatão dos Guararapes,"Recife (Sede): 1ª, 2ª, 3.ª, 4.ª, 5ª, 6.ª, 7ª, 9ª, 10ª, 11ª, 12ª, 13ª, 14ª, 15ª, 19ª, 21ª, 22ª, 33ª e 36ª. | Jaboatão dos Guararapes: 29ª e 30ª",True
2607950,Jaqueira,-35.7942,-8.72618,Maraial,2609204,False,Termo Judiciário (Município Abrangido),2,Jaqueira; Maraial,Palmares,Palmares: 26ª,False
2608008,Jataúba,-36.4943,-7.97668,Santa Cruz do Capibaribe,2612505,False,Termo Judiciário (Município Abrangido),2,Jataúba; Santa Cruz do Capibaribe,Caruaru,"Caruaru: 16ª, 24ª, 31ª e 37ª",False
2608057,Jatobá,-38.2607,-9.17476,Petrolândia,2611002,False,Termo Judiciário (Município Abrangido),2,Jatobá; Petrolândia,Serra Talhada,Serra Talhada: 18ª e 38ª,False
2608206,Joaquim Nabuco,-35.5288,-8.62281,Palmares,2610004,False,Termo Judiciário (Município Abrangido),2,Joaquim Nabuco; Palmares,Palmares,Palmares: 26ª,False
2608107,João Alfredo,-35.5787,-7.86565,João Alfredo,2608107,True,Sede da Comarca,2,João Alfredo; Salgadinho,Recife (Sede); Jaboatão dos Guararapes,"Recife (Sede): 1ª, 2ª, 3.ª, 4.ª, 5ª, 6.ª, 7ª, 9ª, 10ª, 11ª, 12ª, 13ª, 14ª, 15ª, 19ª, 21ª, 22ª, 33ª e 36ª. | Jaboatão dos Guararapes: 29ª e 30ª",False
2608255,Jucati,-36.4871,-8.70195,Jupi,2608305,False,Termo Judiciário (Município Abrangido),2,Jucati; Jupi,Garanhuns,Garanhuns: 23ª e 32ª,False
2608305,Jupi,-36.4126,-8.70904,Jupi,2608305,True,Sede da Comarca,2,Jucati; Jupi,Garanhuns,Garanhuns: 23ª e 32ª,False
2608404,Jurema,-36.1347,-8.70714,Jurema,2608404,True,Sede da Comarca,1,Jurema,Caruaru,"Caruaru: 16ª, 24ª, 31ª e 37ª",False
2608750,Lagoa Grande,-40.2767,-8.99452,Lagoa Grande,2608750,True,Sede da Comarca,1,Lagoa Grande,Petrolina,Petrolina: 8ª e 17ª,False
2608503,Lagoa de Itaenga,-35.2874,-7.93005,Lagoa de Itaenga,2608503,True,Sede da Comarca,1,Lagoa de Itaenga,Recife (Sede); Jaboatão dos Guararapes,"Recife (Sede): 1ª, 2ª, 3.ª, 4.ª, 5ª, 6.ª, 7ª, 9ª, 10ª, 11ª, 12ª, 13ª, 14ª, 15ª, 19ª, 21ª, 22ª, 33ª e 36ª. | Jaboatão dos Guararapes: 29ª e 30ª",False
2608453,Lagoa do Carro,-35.3108,-7.84383,Carpina,2604007,False,Termo Judiciário (Município Abrangido),2,Carpina; Lagoa do Carro,Recife (Sede); Jaboatão dos Guararapes,"Recife (Sede): 1ª, 2ª, 3.ª, 4.ª, 5ª, 6.ª, 7ª, 9ª, 10ª, 11ª, 12ª, 13ª, 14ª, 15ª, 19ª, 21ª, 22ª, 33ª e 36ª. | Jaboatão dos Guararapes: 29ª e 30ª",False
2608602,Lagoa do Ouro,-36.4584,-9.12567,Correntes,2604700,False,Termo Judiciário (Município Abrangido),2,Correntes; Lagoa do Ouro,Garanhuns,Garanhuns: 23ª e 32ª,False
2608701,Lagoa dos Gatos,-35.904,-8.6602,Lagoa dos Gatos,2608701,True,Sede da Comarca,2,Belém de Maria; Lagoa dos Gatos,Caruaru,"Caruaru: 16ª, 24ª, 31ª e 37ª",False
2608800,Lajedo,-36.3293,-8.65791,Lajedo,2608800,True,Sede da Comarca,2,Calçado; Lajedo,Garanhuns,Garanhuns: 23ª e 32ª,False
2608909,Limoeiro,-35.4402,-7.8726,Limoeiro,2608909,True,Sede da Comarca,1,Limoeiro,Recife (Sede); Jaboatão dos Guararapes,"Recife (Sede): 1ª, 2ª, 3.ª, 4.ª, 5ª, 6.ª, 7ª, 9ª, 10ª, 11ª, 12ª, 13ª, 14ª, 15ª, 19ª, 21ª, 22ª, 33ª e 36ª. | Jaboatão dos Guararapes: 29ª e 30ª",False
2609006,Macaparana,-35.4425,-7.55564,Macaparana,2609006,True,Sede da Comarca,2,São Vicente Ferrer; Macaparana,Goiana,Goiana: 25ª,False
2609105,Machados,-35.5114,-7.68827,Bom Jardim,2602209,False,Termo Judiciário (Município Abrangido),2,Bom Jardim; Machados,Recife (Sede); Jaboatão dos Guararapes,"Recife (Sede): 1ª, 2ª, 3.ª, 4.ª, 5ª, 6.ª, 7ª, 9ª, 10ª, 11ª, 12ª, 13ª, 14ª, 15ª, 19ª, 21ª, 22ª, 33ª e 36ª. | Jaboatão dos Guararapes: 29ª e 30ª",False
2609154,Manari,-37.6313,-8.9649,Inajá,2607000,False,Termo Judiciário (Município Abrangido),2,Inajá; Manari,Arcoverde,Arcoverde: 28ª,False
2609204,Maraial,-35.8266,-8.79062,Maraial,2609204,True,Sede da Comarca,2,Jaqueira; Maraial,Palmares,Palmares: 26ª,False
2609303,Mirandiba,-38.7388,-8.12113,Mirandiba,2609303,True,Sede da Comarca,2,Carnaubeira da Penha; Mirandiba,Salgueiro,Salgueiro: 20ª,False
2614303,Moreilândia,-39.546,-7.61931,Exu,2605301,False,Termo Judiciário (Município Abrangido),2,Exu; Moreilândia,Ouricuri,Ouricuri: 27ª,False
2609402,Moreno,-35.0835,-8.10871,Moreno,2609402,True,Sede da Comarca,1,Moreno,Recife (Sede); Jaboatão dos Guararapes,"Recife (Sede): 1ª, 2ª, 3.ª, 4.ª, 5ª, 6.ª, 7ª, 9ª, 10ª, 11ª, 12ª, 13ª, 14ª, 15ª, 19ª, 21ª, 22ª, 33ª e 36ª. | Jaboatão dos Guararapes: 29ª e 30ª",False
2609501,Nazaré da Mata,-35.2193,-7.74149,Nazaré da Mata,2609501,True,Sede da Comarca,1,Nazaré da Mata,Recife (Sede); Jaboatão dos Guararapes,"Recife (Sede): 1ª, 2ª, 3.ª, 4.ª, 5ª, 6.ª, 7ª, 9ª, 10ª, 11ª, 12ª, 13ª, 14ª, 15ª, 19ª, 21ª, 22ª, 33ª e 36ª. | Jaboatão dos Guararapes: 29ª e 30ª",False
2609600,Olinda,-34.8545,-8.01017,Olinda,2609600,True,Sede da Comarca,1,Olinda,Recife (Sede); Jaboatão dos Guararapes,"Recife (Sede): 1ª, 2ª, 3.ª, 4.ª, 5ª, 6.ª, 7ª, 9ª, 10ª, 11ª, 12ª, 13ª, 14ª, 15ª, 19ª, 21ª, 22ª, 33ª e 36ª. | Jaboatão dos Guararapes: 29ª e 30ª",False
2609709,Orobó,-35.5956,-7.74553,Orobó,2609709,True,Sede da Comarca,1,Orobó,Caruaru,"Caruaru: 16ª, 24ª, 31ª e 37ª",False
2609808,Orocó,-39.6026,-8.61026,Orocó,2609808,True,Sede da Comarca,1,Orocó,Salgueiro,Salgueiro: 20ª,False
2609907,Ouricuri,-40.08,-7.87918,Ouricuri,2609907,True,Sede da Comarca,3,Ouricuri; Santa Cruz; Santa Filomena,Ouricuri,Ouricuri: 27ª,True
2610004,Palmares,-35.589,-8.68423,Palmares,2610004,True,Sede da Comarca,2,Joaquim Nabuco; Palmares,Palmares,Palmares: 26ª,True
2610103,Palmeirina,-36.3242,-9.0109,São João,2613206,False,Termo Judiciário (Município Abrangido),2,Palmeirina; São João,Garanhuns,Garanhuns: 23ª e 32ª,False
2610202,Panelas,-36.0125,-8.66121,Panelas,2610202,True,Sede da Comarca,1,Panelas,Caruaru,"Caruaru: 16ª, 24ª, 31ª e 37ª",False
2610301,Paranatama,-36.6549,-8.91875,Saloá,2612307,False,Termo Judiciário (Município Abrangido),2,Paranatama; Saloá,Garanhuns,Garanhuns: 23ª e 32ª,False
2610400,Parnamirim,-39.5795,-8.08729,Parnamirim,2610400,True,Sede da Comarca,2,Terra Nova; Parnamirim,Salgueiro,Salgueiro: 20ª,False
2610509,Passira,-35.5813,-7.9971,Passira,2610509,True,Sede da Comarca,1,Passira,Caruaru,"Caruaru: 16ª, 24ª, 31ª e 37ª",False
2610608,Paudalho,-35.1716,-7.90287,Paudalho,2610608,True,Sede da Comarca,1,Paudalho,Recife (Sede); Jaboatão dos Guararapes,"Recife (Sede): 1ª, 2ª, 3.ª, 4.ª, 5ª, 6.ª, 7ª, 9ª, 10ª, 11ª, 12ª, 13ª, 14ª, 15ª, 19ª, 21ª, 22ª, 33ª e 36ª. | Jaboatão dos Guararapes: 29ª e 30ª",False
2610707,Paulista,-34.8684,-7.93401,Paulista,2610707,True,Sede da Comarca,1,Paulista,Recife (Sede); Jaboatão dos Guararapes,"Recife (Sede): 1ª, 2ª, 3.ª, 4.ª, 5ª, 6.ª, 7ª, 9ª, 10ª, 11ª, 12ª, 13ª, 14ª, 15ª, 19ª, 21ª, 22ª, 33ª e 36ª. | Jaboatão dos Guararapes: 29ª e 30ª",False
2610806,Pedra,-36.94,-8.49641,Pedra,2610806,True,Sede da Comarca,1,Pedra,Arcoverde,Arcoverde: 28ª,False
2610905,Pesqueira,-36.6978,-8.35797,Pesqueira,2610905,True,Sede da Comarca,1,Pesqueira,Arcoverde,Arcoverde: 28ª,False
2611101,Petrolina,-40.5027,-9.38866,Petrolina,2611101,True,Sede da Comarca,1,Petrolina,Petrolina,Petrolina: 8ª e 17ª,True
2611002,Petrolândia,-38.3027,-9.06863,Petrolândia,2611002,True,Sede da Comarca,2,Jatobá; Petrolândia,Serra Talhada,Serra Talhada: 18ª e 38ª,False
2611309,Pombos,-35.3967,-8.13982,Pombos,2611309,True,Sede da Comarca,1,Pombos,Recife (Sede); Jaboatão dos Guararapes,"Recife (Sede): 1ª, 2ª, 3.ª, 4.ª, 5ª, 6.ª, 7ª, 9ª, 10ª, 11ª, 12ª, 13ª, 14ª, 15ª, 19ª, 21ª, 22ª, 33ª e 36ª. | Jaboatão dos Guararapes: 29ª e 30ª",False
2611200,Poção,-36.7111,-8.18726,Poção,2611200,True,Sede da Comarca,1,Poção,Arcoverde,Arcoverde: 28ª,False
2611408,Primavera,-35.3544,-8.32999,Amaraji,2600906,False,Termo Judiciário (Município Abrangido),2,Amaraji; Primavera,Cabo de Santo Agostinho,Cabo de Santo Agostinho: 34ª e 35,False
2611507,Quipapá,-36.0137,-8.81175,Quipapá,2611507,True,Sede da Comarca,2,Quipapá; São Benedito do Sul,Garanhuns,Garanhuns: 23ª e 32ª,False
2611533,Quixaba,-37.8446,-7.70734,Carnaíba,2603900,False,Termo Judiciário (Município Abrangido),2,Carnaíba; Quixaba,Serra Talhada,Serra Talhada: 18ª e 38ª,False
2611606,Recife,-34.8771,-8.04666,Recife,2611606,True,Sede da Comarca,2,Fernando de Noronha; Recife,Recife (Sede); Jaboatão dos Guararapes,"Recife (Sede): 1ª, 2ª, 3.ª, 4.ª, 5ª, 6.ª, 7ª, 9ª, 10ª, 11ª, 12ª, 13ª, 14ª, 15ª, 19ª, 21ª, 22ª, 33ª e 36ª. | Jaboatão dos Guararapes: 29ª e 30ª",True
2611705,Riacho das Almas,-35.8648,-8.13742,Caruaru,2604106,False,Termo Judiciário (Município Abrangido),2,Caruaru; Riacho das Almas,Caruaru,"Caruaru: 16ª, 24ª, 31ª e 37ª",False
2611804,Ribeirão,-35.3698,-8.50957,Ribeirão,2611804,True,Sede da Comarca,1,Ribeirão,Palmares,Palmares: 26ª,False
2611903,Rio Formoso,-35.1532,-8.6592,Rio Formoso,2611903,True,Sede da Comarca,1,Rio Formoso,Cabo de Santo Agostinho,Cabo de Santo Agostinho: 34ª e 35,False
2612000,Sairé,-35.6967,-8.32864,Sairé,2612000,True,Sede da Comarca,1,Sairé,Caruaru,"Caruaru: 16ª, 24ª, 31ª e 37ª",False
2612109,Salgadinho,-35.6503,-7.9269,João Alfredo,2608107,False,Termo Judiciário (Município Abrangido),2,João Alfredo; Salgadinho,Caruaru,"Caruaru: 16ª, 24ª, 31ª e 37ª",False
2612208,Salgueiro,-39.1247,-8.07373,Salgueiro,2612208,True,Sede da Comarca,1,Salgueiro,Salgueiro,Salgueiro: 20ª,True
2612307,Saloá,-36.691,-8.9723,Saloá,2612307,True,Sede da Comarca,2,Paranatama; Saloá,Garanhuns,Garanhuns: 23ª e 32ª,False
2612406,Sanharó,-36.5696,-8.36097,Sanharó,2612406,True,Sede da Comarca,1,Sanharó,Caruaru,"Caruaru: 16ª, 24ª, 31ª e 37ª",False
2612455,Santa Cruz,-40.3434,-8.24153,Ouricuri,2609907,False,Termo Judiciário (Município Abrangido),3,Ouricuri; Santa Cruz; Santa Filomena,Ouricuri,Ouricuri: 27ª,False
2612471,Santa Cruz da Baixa Verde,-38.1476,-7.81339,Triunfo,2615706,False,Termo Judiciário (Município Abrangido),2,Santa Cruz da Baixa Verde; Triunfo,Serra Talhada,Serra Talhada: 18ª e 38ª,False
2612505,Santa Cruz do Capibaribe,-36.2061,-7.94802,Santa Cruz do Capibaribe,2612505,True,Sede da Comarca,2,Jataúba; Santa Cruz do Capibaribe,Caruaru,"Caruaru: 16ª, 24ª, 31ª e 37ª",False
2612554,Santa Filomena,-40.6079,-8.16688,Ouricuri,2609907,False,Termo Judiciário (Município Abrangido),3,Ouricuri; Santa Cruz; Santa Filomena,Ouricuri,Ouricuri: 27ª,False
2612604,Santa Maria da Boa Vista,-39.8241,-8.79766,Santa Maria da Boa Vista,2612604,True,Sede da Comarca,1,Santa Maria da Boa Vista,Petrolina,Petrolina: 8ª e 17ª,False
2612703,Santa Maria do Cambucá,-35.8941,-7.83676,Santa Maria do Cambucá,2612703,True,Sede da Comarca,2,Frei Miguelinho; Santa Maria do Cambucá,Caruaru,"Caruaru: 16ª, 24ª, 31ª e 37ª",False
2612802,Santa Terezinha,-37.4787,-7.37696,São José do Egito,2613602,False,Termo Judiciário (Município Abrangido),2,Santa Terezinha; São José do Egito,Serra Talhada,Serra Talhada: 18ª e 38ª,False
2613909,Serra Talhada,-38.289,-7.98178,Serra Talhada,2613909,True,Sede da Comarca,1,Serra Talhada,Serra Talhada,Serra Talhada: 18ª e 38ª,True
2614006,Serrita,-39.2951,-7.94041,Serrita,2614006,True,Sede da Comarca,2,Cedro; Serrita,Salgueiro,Salgueiro: 20ª,False
2614105,Sertânia,-37.2684,-8.06847,Sertânia,2614105,True,Sede da Comarca,1,Sertânia,Arcoverde,Arcoverde: 28ª,False
2614204,Sirinhaém,-35.1126,-8.58778,Sirinhaém,2614204,True,Sede da Comarca,1,Sirinhaém,Cabo de Santo Agostinho,Cabo de Santo Agostinho: 34ª e 35,False
2614402,Solidão,-37.6445,-7.59472,Tabira,2614600,False,Termo Judiciário (Município Abrangido),2,Solidão; Tabira,Serra Talhada,Serra Talhada: 18ª e 38ª,False
2614501,Surubim,-35.7481,-7.84746,Surubim,2614501,True,Sede da Comarca,3,Casinhas; Surubim; Vertente do Lério,Caruaru,"Caruaru: 16ª, 24ª, 31ª e 37ª",False
2612901,São Benedito do Sul,-35.9453,-8.8166,Quipapá,2611507,False,Termo Judiciário (Município Abrangido),2,Quipapá; São Benedito do Sul,Palmares,Palmares: 26ª,False
2613008,São Bento do Una,-36.4465,-8.52637,São Bento do Una,2613008,True,Sede da Comarca,1,São Bento do Una,Garanhuns,Garanhuns: 23ª e 32ª,False
2613107,São Caetano,-36.2869,-8.33763,São Caetano,2613107,True,Sede da Comarca,1,São Caetano,Caruaru,"Caruaru: 16ª, 24ª, 31ª e 37ª",False
2613305,São Joaquim do Monte,-35.8035,-8.43196,São Joaquim do Monte,2613305,True,Sede da Comarca,1,São Joaquim do Monte,Caruaru,"Caruaru: 16ª, 24ª, 31ª e 37ª",False
2613404,São José da Coroa Grande,-35.1515,-8.88937,São José da Coroa Grande,2613404,True,Sede da Comarca,1,São José da Coroa Grande,Palmares,Palmares: 26ª,False
2613503,São José do Belmonte,-38.7577,-7.85723,São José do Belmonte,2613503,True,Sede da Comarca,1,São José do Belmonte,Serra Talhada,Serra Talhada: 18ª e 38ª,False
2613602,São José do Egito,-37.274,-7.46945,São José do Egito,2613602,True,Sede da Comarca,2,Santa Terezinha; São José do Egito,Serra Talhada,Serra Talhada: 18ª e 38ª,False
2613206,São João,-36.3653,-8.87576,São João,2613206,True,Sede da Comarca,2,Palmeirina; São João,Garanhuns,Garanhuns: 23ª e 32ª,False
2613701,São Lourenço da Mata,-35.0124,-8.00684,São Lourenço da Mata,2613701,True,Sede da Comarca,1,São Lourenço da Mata,Recife (Sede); Jaboatão dos Guararapes,"Recife (Sede): 1ª, 2ª, 3.ª, 4.ª, 5ª, 6.ª, 7ª, 9ª, 10ª, 11ª, 12ª, 13ª, 14ª, 15ª, 19ª, 21ª, 22ª, 33ª e 36ª. | Jaboatão dos Guararapes: 29ª e 30ª",False
2613800,São Vicente Ferrer,-35.4808,-7.58969,Macaparana,2609006,False,Termo Judiciário (Município Abrangido),2,São Vicente Ferrer; Macaparana,Goiana,Goiana: 25ª,False
2614600,Tabira,-37.5377,-7.58366,Tabira,2614600,True,Sede da Comarca,2,Solidão; Tabira,Serra Talhada,Serra Talhada: 18ª e 38ª,False
2614709,Tacaimbó,-36.3,-8.30867,Tacaimbó,2614709,True,Sede da Comarca,1,Tacaimbó,Caruaru,"Caruaru: 16ª, 24ª, 31ª e 37ª",False
2614808,Tacaratu,-38.1504,-9.09798,Tacaratu,2614808,True,Sede da Comarca,1,Tacaratu,Serra Talhada,Serra Talhada: 18ª e 38ª,False
2614857,Tamandaré,-35.1033,-8.75665,Tamandaré,2614857,True,Sede da Comarca,1,Tamandaré,Palmares,Palmares: 26ª,False
2615003,Taquaritinga do Norte,-36.0423,-7.89446,Taquaritinga do Norte,2615003,True,Sede da Comarca,1,Taquaritinga do Norte,Caruaru,"Caruaru: 16ª, 24ª, 31ª e 37ª",False
2615102,Terezinha,-36.6272,-9.05621,Bom Conselho,2602100,False,Termo Judiciário (Município Abrangido),2,Bom Conselho; Terezinha,Garanhuns,Garanhuns: 23ª e 32ª,False
2615201,Terra Nova,-39.3825,-8.22244,Parnamirim,2610400,False,Termo Judiciário (Município Abrangido),2,Terra Nova; Parnamirim,Salgueiro,Salgueiro: 20ª,False
2615300,Timbaúba,-35.3119,-7.50484,Timbaúba,2615300,True,Sede da Comarca,1,Timbaúba,Goiana,Goiana: 25ª,False
2615409,Toritama,-36.0637,-8.00955,Toritama,2615409,True,Sede da Comarca,1,Toritama,Caruaru,"Caruaru: 16ª, 24ª, 31ª e 37ª",False
2615508,Tracunhaém,-35.2314,-7.80228,Tracunhaém,2615508,True,Sede da Comarca,2,Buenos Aires; Tracunhaém,Recife (Sede); Jaboatão dos Guararapes,"Recife (Sede): 1ª, 2ª, 3.ª, 4.ª, 5ª, 6.ª, 7ª, 9ª, 10ª, 11ª, 12ª, 13ª, 14ª, 15ª, 19ª, 21ª, 22ª, 33ª e 36ª. | Jaboatão dos Guararapes: 29ª e 30ª",False
2615607,Trindade,-40.2647,-7.759,Trindade,2615607,True,Sede da Comarca,1,Trindade,Ouricuri,Ouricuri: 27ª,False
2615706,Triunfo,-38.0978,-7.83272,Triunfo,2615706,True,Sede da Comarca,2,Santa Cruz da Baixa Verde; Triunfo,Serra Talhada,Serra Talhada: 18ª e 38ª,False
2615805,Tupanatinga,-37.3445,-8.74798,Buíque,2602803,False,Termo Judiciário (Município Abrangido),2,Buíque; Tupanatinga,Arcoverde,Arcoverde: 28ª,False
2615904,Tuparetama,-37.3165,-7.6003,Tuparetama,2615904,True,Sede da Comarca,2,Ingazeira; Tuparetama,Serra Talhada,Serra Talhada: 18ª e 38ª,False
2616001,Venturosa,-36.8742,-8.57885,Venturosa,2616001,True,Sede da Comarca,1,Venturosa,Arcoverde,Arcoverde: 28ª,False
2616100,Verdejante,-38.9701,-7.92235,Verdejante,2616100,True,Sede da Comarca,1,Verdejante,Salgueiro,Salgueiro: 20ª,False
2616183,Vertente do Lério,-35.8491,-7.77084,Surubim,2614501,False,Termo Judiciário (Município Abrangido),3,Casinhas; Surubim; Vertente do Lério,Caruaru,"Caruaru: 16ª, 24ª, 31ª e 37ª",False
2616209,Vertentes,-35.9681,-7.90158,Vertentes,2616209,True,Sede da Comarca,1,Vertentes,Caruaru,"Caruaru: 16ª, 24ª, 31ª e 37ª",False
2616308,Vicência,-35.3139,-7.65655,Vicência,2616308,True,Sede da Comarca,1,Vicência,Goiana,Goiana: 25ª,False
2616407,Vitória de Santo Antão,-35.2976,-8.12819,Vitória de Santo Antão,2616407,True,Sede da Comarca,1,Vitória de Santo Antão,Recife (Sede); Jaboatão dos Guararapes,"Recife (Sede): 1ª, 2ª, 3.ª, 4.ª, 5ª, 6.ª, 7ª, 9ª, 10ª, 11ª, 12ª, 13ª, 14ª, 15ª, 19ª, 21ª, 22ª, 33ª e 36ª. | Jaboatão dos Guararapes: 29ª e 30ª",False
2616506,Xexéu,-35.6212,-8.8046,Água Preta,2600401,False,Termo Judiciário (Município Abrangido),2,Água Preta; Xexéu,Palmares,Palmares: 26ª,False
2600401,Água Preta,-35.5263,-8.70609,Água Preta,2600401,True,Sede da Comarca,2,Água Preta; Xexéu,Palmares,Palmares: 26ª,False
2600500,Águas Belas,-37.1226,-9.11125,Águas Belas,2600500,True,Sede da Comarca,1,Águas Belas,Garanhuns,Garanhuns: 23ª e 32ª,False
